Image,Cerianthid,Jasminiera schaudinni,Bylgides groenlandica,Bythocaris leucopis,Colossendeis proboscidea,Nymphon macronyx,Bathybiaster vexillifer,Ophiocten gracilis,Elpidia heckeri,Lycodes squamiventer,Mohnia mohni,Pontaster tennuispinus,Amphipoda/Isopoda,Sabellid polychaete,Bathyarca frielei,White long-tentacled anemone,Skinny sabellid,Gastropod,Liparid fish,Year
TIMER_SYNC_2017-08-13T03.01.39_6U1B3268.jpg,0.00,1.82,0.00,0.00,0.00,0.30,0.00,48.30,0.30,0.00,0.30,0.00,0.61,21.87,16.71,0.30,0.30,0.00,0.00,2017
TIMER_SYNC_2017-08-13T03.02.10_6U1B3269.jpg,0.00,2.88,0.26,0.00,0.00,1.31,0.00,45.83,0.00,0.00,0.00,0.00,0.52,26.97,11.78,0.00,0.26,0.00,0.00,2017
TIMER_SYNC_2017-08-13T03.03.10_6U1B3271.jpg,0.33,2.64,0.00,0.00,0.00,0.33,0.00,37.67,0.00,0.00,0.00,0.00,0.33,28.75,11.56,0.33,0.66,0.00,0.00,2017
TIMER_SYNC_2017-08-13T03.04.11_6U1B3274.jpg,0.00,2.83,0.00,0.00,0.00,0.85,0.00,43.05,0.28,0.00,0.00,0.00,0.00,15.86,10.20,0.00,0.00,0.00,0.00,2017
TIMER_SYNC_2017-08-13T03.04.42_6U1B3276.jpg,0.00,2.58,0.00,0.00,0.00,1.72,0.00,39.03,0.00,0.00,0.00,0.00,0.00,22.10,9.76,0.00,0.57,0.00,0.00,2017
TIMER_SYNC_2017-08-13T03.09.53_6U1B3293.jpg,0.31,2.44,0.00,0.00,0.31,0.92,0.31,42.15,0.00,0.00,0.00,0.00,0.61,27.49,8.86,0.00,0.61,0.00,0.00,2017
TIMER_SYNC_2017-08-13T03.10.23_6U1B3294.jpg,0.00,2.80,0.00,0.00,0.00,1.60,0.00,50.41,0.40,0.00,0.00,0.00,0.80,26.00,12.80,0.00,0.80,0.00,0.00,2017
TIMER_SYNC_2017-08-13T03.12.27_6U1B3301.jpg,0.00,1.29,0.00,0.00,0.00,0.32,0.00,30.02,0.32,0.00,0.00,0.00,0.32,24.54,14.21,0.00,0.32,0.00,0.00,2017
TIMER_SYNC_2017-08-13T03.14.31_6U1B3305.jpg,0.00,2.00,0.00,0.00,0.00,0.00,0.00,46.33,0.00,0.00,0.00,0.00,0.00,34.60,16.30,0.00,0.57,0.00,0.00,2017
TIMER_SYNC_2017-08-13T03.20.36_6U1B3321.jpg,0.00,0.81,0.00,0.00,0.00,0.27,0.00,35.55,0.00,0.00,0.00,0.00,1.09,37.72,11.40,0.00,1.36,0.00,0.00,2017
TIMER_SYNC_2017-08-13T03.22.38_6U1B3326.jpg,0.00,1.35,0.00,0.00,0.00,0.67,0.00,37.34,0.00,0.00,0.00,0.00,1.01,37.68,12.78,0.00,1.35,0.00,0.00,2017
TIMER_SYNC_2017-08-13T03.24.11_6U1B3331.jpg,0.00,2.67,0.00,0.00,0.00,1.00,0.00,33.04,0.33,0.00,0.00,0.00,2.67,40.05,13.02,0.00,0.67,0.00,0.00,2017
TIMER_SYNC_2017-08-13T03.25.12_6U1B3333.jpg,0.00,1.67,0.00,0.00,0.00,1.00,0.00,32.31,0.00,0.00,0.00,0.00,0.33,42.64,13.33,0.00,0.33,0.00,0.00,2017
TIMER_SYNC_2017-08-13T03.30.50_6U1B3346.jpg,0.28,3.33,0.28,0.00,0.00,0.28,0.00,39.11,0.28,0.00,0.00,0.00,1.66,37.17,9.43,0.00,0.83,0.00,0.00,2017
TIMER_SYNC_2017-08-13T03.31.52_6U1B3348.jpg,0.30,3.29,0.00,0.00,0.00,0.30,0.00,40.63,0.00,0.00,0.00,0.00,0.30,36.74,14.64,0.00,0.30,0.00,0.00,2017
TIMER_SYNC_2017-08-13T03.34.25_6U1B3355.jpg,0.00,2.36,0.00,0.00,0.00,0.34,0.00,39.52,0.00,0.00,0.34,0.00,1.01,37.49,19.93,0.00,0.68,0.00,0.00,2017
TIMER_SYNC_2017-08-13T03.37.28_6U1B3363.jpg,0.32,2.27,0.00,0.00,0.00,0.65,0.00,42.24,0.00,0.00,0.00,0.00,1.62,56.53,13.00,0.00,0.32,0.00,0.00,2017
TIMER_SYNC_2017-08-13T03.38.29_6U1B3365.jpg,0.28,3.66,0.00,0.00,0.00,1.13,0.00,44.21,0.00,0.00,0.00,0.00,1.13,59.42,9.86,0.00,1.41,0.00,0.00,2017
TIMER_SYNC_2017-08-13T03.38.59_6U1B3366.jpg,0.00,2.69,0.00,0.00,0.00,0.67,0.00,40.99,0.34,0.00,0.00,0.00,1.34,51.07,16.13,0.00,0.00,0.00,0.00,2017
TIMER_SYNC_2017-08-13T03.40.30_6U1B3369.jpg,0.00,2.08,0.35,0.00,0.00,0.69,0.00,51.21,0.00,0.35,0.00,0.00,1.38,51.21,12.11,0.00,1.73,0.00,0.00,2017
TIMER_SYNC_2017-08-13T03.42.01_6U1B3372.jpg,0.00,2.00,0.00,0.00,0.00,1.67,0.00,43.04,0.33,0.33,0.00,0.00,0.33,40.37,18.35,0.00,0.67,0.00,0.00,2017
TIMER_SYNC_2017-08-13T03.42.31_6U1B3373.jpg,0.00,1.49,0.00,0.00,0.00,0.90,0.00,42.44,0.00,0.00,0.00,0.00,0.90,35.86,15.54,0.00,0.00,0.00,0.00,2017
TIMER_SYNC_2017-08-13T03.47.09_6U1B3386.jpg,0.29,4.03,0.00,0.29,0.00,0.86,0.00,44.66,0.00,0.00,0.00,0.00,1.44,53.02,11.53,0.00,0.29,0.00,0.00,2017
TIMER_SYNC_2017-08-13T03.47.40_6U1B3387.jpg,0.00,2.86,0.00,0.00,0.00,1.43,0.00,37.24,0.00,0.00,0.29,0.00,1.15,30.65,14.90,0.00,0.57,0.00,0.00,2017
TIMER_SYNC_2017-08-13T03.50.12_6U1B3392.jpg,0.00,1.40,0.00,0.00,0.00,0.70,0.00,38.44,0.00,0.00,0.00,0.00,1.40,42.64,17.12,0.00,0.35,0.00,0.00,2017
TIMER_SYNC_2017-08-13T03.50.44_6U1B3394.jpg,0.29,1.71,0.00,0.00,0.00,1.14,0.00,46.74,0.00,0.00,0.00,0.00,1.71,26.79,13.40,0.00,0.00,0.00,0.00,2017
TIMER_SYNC_2017-08-13T03.52.16_6U1B3398.jpg,0.00,3.71,0.00,0.00,0.00,1.11,0.00,48.19,0.37,0.00,0.00,0.00,1.11,44.12,16.68,0.00,0.74,0.00,0.00,2017
TIMER_SYNC_2017-08-13T03.53.18_6U1B3400.jpg,0.37,4.38,0.00,0.00,0.00,0.00,0.00,50.77,0.00,0.00,0.00,0.00,1.46,62.46,15.34,0.00,0.73,0.00,0.00,2017
TIMER_SYNC_2017-08-13T03.55.21_6U1B3405.jpg,0.00,4.70,0.00,0.00,0.00,0.67,0.00,44.28,0.00,0.00,0.00,0.00,1.68,64.74,16.44,0.00,1.01,0.00,0.00,2017
TIMER_SYNC_2017-08-13T03.55.52_6U1B3406.jpg,0.00,3.63,0.33,0.00,0.00,0.66,0.00,46.56,0.00,0.00,0.00,0.00,0.66,35.00,13.87,0.00,0.33,0.00,0.00,2017
TIMER_SYNC_2017-08-13T03.59.28_6U1B3415.jpg,0.00,1.66,0.00,0.00,0.00,0.47,0.00,48.40,0.24,0.00,0.00,0.00,0.24,47.21,19.69,0.00,0.47,0.00,0.00,2017
TIMER_SYNC_2017-08-13T04.00.28_6U1B3417.jpg,0.00,2.80,0.00,0.00,0.00,1.02,0.00,45.55,0.00,0.00,0.00,0.00,0.51,36.65,15.27,0.00,0.25,0.00,0.00,2017
TIMER_SYNC_2017-08-13T04.01.59_6U1B3420.jpg,0.27,3.02,0.00,0.00,0.00,0.82,0.00,55.24,0.00,0.00,0.00,0.00,1.10,46.72,15.39,0.00,0.55,0.00,0.00,2017
TIMER_SYNC_2017-08-13T04.02.30_6U1B3422.jpg,0.00,4.80,0.32,0.00,0.00,1.28,0.32,41.24,0.32,0.00,0.00,0.00,0.32,72.90,18.22,0.00,0.64,0.00,0.00,2017
TIMER_SYNC_2017-08-13T04.05.34_6U1B3429.jpg,0.00,1.93,0.48,0.00,0.00,0.48,0.00,48.80,0.00,0.00,0.00,0.00,0.48,74.89,14.98,0.00,2.42,0.00,0.00,2017
TIMER_SYNC_2017-08-13T04.08.08_6U1B3435.jpg,0.76,2.28,0.00,0.00,0.00,0.00,0.00,55.36,0.00,0.00,0.00,0.00,0.76,49.68,14.03,0.00,0.38,0.00,0.00,2017
TIMER_SYNC_2017-08-13T04.10.41_6U1B3440.jpg,0.00,2.12,0.00,0.00,0.00,0.35,0.00,43.44,0.00,0.00,0.35,0.00,0.71,60.03,13.77,0.00,0.35,0.00,0.00,2017
TIMER_SYNC_2017-08-13T04.12.12_6U1B3444.jpg,0.00,2.69,0.00,0.00,0.00,0.81,0.00,47.42,0.27,0.00,0.00,0.00,0.27,73.83,15.09,0.00,1.08,0.00,0.00,2017
TIMER_SYNC_2017-08-13T04.13.44_6U1B3447.jpg,0.31,2.82,0.00,0.00,0.00,1.57,0.00,50.75,0.00,0.00,0.00,0.00,0.94,59.52,20.36,0.00,0.94,0.00,0.00,2017
TIMER_SYNC_2017-08-13T04.14.14_6U1B3448.jpg,0.00,2.32,0.29,0.00,0.00,0.58,0.00,53.33,0.00,0.00,0.00,0.00,0.00,56.23,16.23,0.00,0.58,0.00,0.00,2017
TIMER_SYNC_2017-08-13T04.21.18_6U1B3462.jpg,0.00,4.84,0.25,0.00,0.00,0.76,0.00,47.38,0.00,0.00,0.00,0.00,0.51,43.30,15.28,0.00,0.51,0.00,0.00,2017
TIMER_SYNC_2017-08-13T04.22.49_6U1B3465.jpg,0.00,2.58,0.29,0.00,0.00,0.57,0.00,47.03,0.00,0.00,0.00,0.00,0.86,53.34,14.63,0.00,0.00,0.00,0.00,2017
TIMER_SYNC_2017-08-13T04.23.50_6U1B3467.jpg,0.00,2.38,0.00,0.00,0.00,0.79,0.00,50.44,0.26,0.00,0.00,0.00,0.79,60.22,12.68,0.00,0.79,0.00,0.00,2017
TIMER_SYNC_2017-08-13T04.24.51_6U1B3470.jpg,0.00,2.05,0.00,0.34,0.00,0.00,0.00,54.43,0.34,0.00,0.00,0.00,1.37,54.43,13.69,0.00,0.00,0.00,0.00,2017
TIMER_SYNC_2017-08-13T04.25.52_6U1B3472.jpg,0.00,3.72,0.00,0.00,0.00,1.24,0.00,40.35,0.31,0.00,0.00,0.00,0.93,52.46,16.14,0.00,1.24,0.00,0.00,2017
TIMER_SYNC_2017-08-13T04.28.53_6U1B3478.jpg,0.31,3.73,0.00,0.00,0.00,0.93,0.00,45.71,0.00,0.00,0.00,0.00,0.93,47.26,18.35,0.00,1.24,0.00,0.00,2017
TIMER_SYNC_2017-08-13T04.29.55_6U1B3481.jpg,0.00,0.86,0.29,0.00,0.00,0.29,0.00,46.70,0.00,0.00,0.00,0.00,1.15,51.02,14.12,0.00,0.29,0.00,0.00,2017
TIMER_SYNC_2017-08-13T04.34.30_6U1B3492.jpg,0.00,2.48,0.00,0.00,0.00,0.50,0.00,42.92,0.25,0.00,0.00,0.00,0.50,40.94,13.40,0.00,0.25,0.00,0.00,2017
TIMER_SYNC_2017-08-13T04.35.01_6U1B3493.jpg,0.00,2.04,0.00,0.00,0.00,0.76,0.00,44.61,0.51,0.00,0.00,0.00,1.02,37.98,12.24,0.00,0.25,0.00,0.00,2017
TIMER_SYNC_2017-08-13T04.37.03_6U1B3498.jpg,0.00,1.97,0.00,0.00,0.00,1.69,0.28,55.28,0.28,0.00,0.00,0.00,1.13,39.77,13.82,0.00,0.00,0.00,0.00,2017
TIMER_SYNC_2017-08-13T04.37.33_6U1B3499.jpg,0.31,3.11,0.00,0.00,0.00,0.31,0.00,53.21,0.31,0.00,0.00,0.00,0.93,62.24,11.82,0.00,1.87,0.00,0.00,2017
TIMER_SYNC_2017-08-13T04.40.39_6U1B3506.jpg,0.26,2.91,0.00,0.00,0.00,1.59,0.00,52.95,0.26,0.00,0.00,0.00,0.79,31.51,19.33,0.00,0.53,0.00,0.00,2017
TIMER_SYNC_2017-08-13T04.41.42_6U1B3509.jpg,0.27,2.14,0.00,0.00,0.00,0.80,0.00,56.98,0.27,0.00,0.00,0.00,0.00,33.17,13.11,0.00,0.80,0.00,0.00,2017
TIMER_SYNC_2017-08-13T04.45.48_6U1B3520.jpg,0.00,3.60,0.00,0.00,0.00,0.90,0.00,60.87,0.60,0.00,0.00,0.00,1.20,38.98,12.29,0.00,0.30,0.00,0.00,2017
TIMER_SYNC_2017-08-13T04.47.19_6U1B3523.jpg,0.00,2.37,0.24,0.00,0.00,1.18,0.00,53.48,0.24,0.00,0.00,0.00,0.47,16.56,11.36,0.00,0.47,0.00,0.00,2017
TIMER_SYNC_2017-08-13T04.47.50_6U1B3524.jpg,0.00,2.73,0.50,0.00,0.25,0.99,0.00,59.56,0.50,0.00,0.00,0.00,0.99,26.55,7.69,0.00,0.25,0.00,0.00,2017
TIMER_SYNC_2017-08-13T04.48.20_6U1B3525.jpg,0.00,1.12,0.00,0.00,0.00,1.12,0.00,53.85,0.00,0.00,0.00,0.00,1.40,18.23,12.90,0.00,0.28,0.00,0.00,2017
TIMER_SYNC_2017-08-13T04.48.50_6U1B3526.jpg,0.37,3.70,0.00,0.00,0.00,0.74,0.00,42.19,0.00,0.00,0.00,0.00,1.11,27.39,7.40,0.00,0.37,0.00,0.00,2017
TIMER_SYNC_2017-08-13T04.53.29_6U1B3537.jpg,0.00,3.81,0.00,0.00,0.00,0.85,0.00,44.89,0.85,0.00,0.00,0.00,2.12,10.16,8.05,0.00,0.00,0.00,0.00,2017
TIMER_SYNC_2017-08-13T04.55.31_6U1B3542.jpg,0.00,1.30,0.00,0.00,0.00,0.65,0.00,57.67,0.32,0.00,0.00,0.00,1.62,14.58,6.80,0.00,0.32,0.00,0.00,2017
TIMER_SYNC_2017-08-13T04.56.32_6U1B3544.jpg,0.30,2.38,0.00,0.00,0.00,0.89,0.30,52.71,0.60,0.00,0.00,0.00,1.19,15.48,8.34,0.00,0.30,0.00,0.00,2017
TIMER_SYNC_2017-08-13T04.58.34_6U1B3548.jpg,0.00,1.81,0.00,0.00,0.00,1.51,0.00,36.19,0.30,0.00,0.30,0.00,1.51,11.46,14.78,0.00,0.30,0.00,0.00,2017
TIMER_SYNC_2017-08-13T05.00.06_6U1B3551.jpg,0.00,2.37,0.34,0.00,0.00,2.03,0.00,56.96,0.00,0.00,0.00,0.00,1.70,15.94,12.54,0.00,0.68,0.00,0.00,2017
TIMER_SYNC_2017-08-13T05.02.10_6U1B3556.jpg,0.00,1.68,0.00,0.00,0.00,1.12,0.00,56.18,0.28,0.00,0.00,0.00,1.40,16.77,10.34,0.00,0.28,0.00,0.00,2017
TIMER_SYNC_2017-08-13T05.07.16_6U1B3568.jpg,0.28,1.93,0.00,0.00,0.00,0.83,0.00,57.60,0.00,0.00,0.00,0.00,0.00,8.27,11.85,0.00,0.28,0.00,0.00,2017
TIMER_SYNC_2017-08-13T05.08.17_6U1B3570.jpg,0.00,3.97,0.26,0.00,0.00,1.32,0.00,59.82,0.26,0.00,0.00,0.00,1.85,7.15,10.32,0.00,1.32,0.00,0.00,2017
TIMER_SYNC_2017-08-13T05.09.50_6U1B3574.jpg,0.00,2.56,0.00,0.00,0.00,0.00,0.00,55.31,0.00,0.00,0.00,0.00,2.24,15.03,19.18,0.00,0.96,0.00,0.00,2017
TIMER_SYNC_2017-08-13T05.13.51_6U1B3582.jpg,0.00,3.23,0.00,0.00,0.00,0.81,0.00,61.85,0.81,0.00,0.00,0.00,4.04,14.15,16.57,0.00,0.40,0.00,0.00,2017
TIMER_SYNC_2017-08-13T05.15.21_6U1B3585.jpg,0.00,3.60,0.00,0.00,0.00,2.10,0.00,56.70,0.00,0.00,0.00,0.00,2.10,16.50,15.60,0.00,0.90,0.00,0.00,2017
TIMER_SYNC_2017-08-13T05.20.56_6U1B3597.jpg,0.00,3.45,0.00,0.00,0.00,1.06,0.00,59.47,0.27,0.00,0.27,0.00,1.86,20.98,14.07,0.00,0.80,0.00,0.00,2017
TIMER_SYNC_2017-08-13T05.21.59_6U1B3601.jpg,0.54,2.18,0.00,0.00,0.00,0.82,0.00,61.30,0.27,0.00,0.00,0.00,1.36,20.71,14.17,0.00,0.27,0.00,0.00,2017
TIMER_SYNC_2017-08-13T05.23.00_6U1B3604.jpg,0.00,2.34,0.00,0.00,0.00,0.29,0.00,59.85,0.00,0.00,0.00,0.00,2.92,19.27,11.09,0.00,0.29,0.00,0.00,2017
TIMER_SYNC_2017-08-13T05.24.03_6U1B3607.jpg,0.00,3.95,0.00,0.00,0.00,1.22,0.00,55.32,0.30,0.00,0.00,0.00,3.34,15.20,15.81,0.00,0.30,0.00,0.00,2017
TIMER_SYNC_2017-08-13T05.25.04_6U1B3609.jpg,0.00,3.40,0.00,0.00,0.00,1.89,0.00,64.67,0.38,0.00,0.00,0.00,3.78,24.96,9.83,0.00,0.76,0.00,0.00,2017
TIMER_SYNC_2017-08-13T05.25.35_6U1B3611.jpg,0.00,2.51,0.00,0.36,0.00,1.43,0.00,47.33,0.00,0.00,0.00,0.00,1.08,8.25,10.76,0.00,0.00,0.00,0.00,2017
TIMER_SYNC_2017-08-13T05.27.07_6U1B3614.jpg,0.00,3.31,0.00,0.00,0.00,1.10,0.00,55.87,0.37,0.00,0.00,0.00,3.31,16.54,12.13,0.00,1.10,0.00,0.00,2017
TIMER_SYNC_2017-08-13T05.28.08_6U1B3616.jpg,0.00,4.42,0.00,0.00,0.00,1.18,0.00,41.25,0.29,0.00,0.00,0.00,2.06,24.16,13.26,0.00,1.47,0.00,0.00,2017
TIMER_SYNC_2017-08-13T05.29.09_6U1B3619.jpg,0.00,4.85,0.00,0.00,0.00,0.69,0.00,51.59,0.00,0.00,0.00,0.00,3.81,28.05,11.77,0.00,1.04,0.00,0.00,2017
TIMER_SYNC_2017-08-13T05.30.10_6U1B3621.jpg,0.00,3.60,0.00,0.00,0.00,1.20,0.00,47.75,0.00,0.00,0.00,0.00,4.20,21.92,18.02,0.00,1.80,0.00,0.00,2017
TIMER_SYNC_2017-08-13T05.30.41_6U1B3622.jpg,0.00,2.16,0.31,0.00,0.00,1.23,0.00,53.59,0.31,0.00,0.00,0.00,4.62,11.09,14.17,0.00,0.00,0.00,0.00,2017
TIMER_SYNC_2017-08-13T05.32.43_6U1B3626.jpg,0.00,4.05,0.00,0.00,0.00,0.58,0.00,49.77,0.00,0.00,0.00,0.00,2.03,18.23,16.20,0.00,0.58,0.00,0.00,2017
TIMER_SYNC_2017-08-13T05.33.14_6U1B3627.jpg,0.30,4.86,0.00,0.00,0.00,0.61,0.00,48.87,0.00,0.00,0.00,0.00,2.43,27.62,17.61,0.00,0.30,0.00,0.00,2017
TIMER_SYNC_2017-08-13T05.34.45_6U1B3631.jpg,0.29,1.77,0.00,0.00,0.00,1.47,0.00,54.46,0.00,0.00,0.00,0.00,1.47,32.68,12.95,0.00,1.47,0.00,0.00,2017
TIMER_SYNC_2017-08-13T05.35.17_6U1B3633.jpg,0.00,3.12,0.00,0.00,0.00,0.94,0.00,58.33,0.00,0.00,0.00,0.00,3.12,24.64,12.17,0.00,0.62,0.00,0.00,2017
TIMER_SYNC_2017-08-13T05.37.48_6U1B3638.jpg,0.00,8.02,0.00,0.00,0.00,3.49,0.00,56.17,0.00,0.00,0.00,0.00,2.09,40.47,15.00,0.00,1.05,0.00,0.00,2017
TIMER_SYNC_2017-08-13T05.39.19_6U1B3642.jpg,0.00,3.94,0.00,0.33,0.00,1.97,0.00,65.42,0.00,0.00,0.00,0.00,1.64,32.87,18.08,0.00,1.97,0.00,0.00,2017
TIMER_SYNC_2017-08-13T05.42.53_6U1B3649.jpg,0.00,1.92,0.00,0.00,0.00,0.64,0.00,48.77,0.00,0.32,0.00,0.00,3.21,35.61,20.21,0.00,0.64,0.00,0.00,2017
TIMER_SYNC_2017-08-13T05.46.28_6U1B3658.jpg,0.00,3.32,0.00,0.00,0.00,3.32,0.00,46.51,0.37,0.37,0.00,0.00,2.58,22.15,16.24,0.00,1.85,0.00,0.00,2017
TIMER_SYNC_2017-08-13T05.51.37_6U1B3672.jpg,0.00,5.00,0.00,0.00,0.00,1.67,0.00,47.73,0.00,0.00,0.00,0.00,0.83,23.87,20.54,0.00,0.28,0.00,0.00,2017
TIMER_SYNC_2017-08-13T05.53.38_6U1B3678.jpg,0.26,3.37,0.00,0.00,0.00,1.30,0.00,54.40,0.00,0.00,0.00,0.00,2.07,23.58,12.18,0.00,0.00,0.00,0.00,2017
TIMER_2018_09_20 at 01_23_07 4W9A2915.JPG,0.00,14.72,0.00,0.00,0.00,0.00,0.00,41.70,0.00,0.00,0.00,0.00,0.98,13.74,11.28,0.00,0.00,0.00,0.00,2018
TIMER_2018_09_20 at 01_23_38 4W9A2916.JPG,0.00,6.52,0.00,0.00,0.00,0.00,0.00,39.62,0.00,0.00,0.00,0.00,1.00,28.08,16.55,0.00,0.50,0.00,0.00,2018
TIMER_2018_09_20 at 01_26_46 4W9A2923.JPG,0.41,2.89,0.00,0.00,0.00,0.00,0.00,34.67,0.00,0.00,0.00,0.00,0.41,28.48,16.10,0.00,0.00,0.00,0.00,2018
TIMER_2018_09_20 at 01_29_19 4W9A2928.JPG,0.39,1.54,0.00,0.00,0.00,0.00,0.00,35.07,0.39,0.00,0.00,0.00,0.77,26.59,14.64,0.00,0.77,0.00,0.00,2018
TIMER_2018_09_20 at 01_29_49 4W9A2929.JPG,0.00,3.10,0.00,0.00,0.00,0.39,0.00,32.58,0.39,0.00,0.00,0.00,0.78,38.78,13.96,0.00,1.16,0.00,0.00,2018
TIMER_2018_09_20 at 01_31_20 4W9A2932.JPG,0.00,4.68,0.00,0.00,0.00,0.00,0.00,33.54,0.00,0.00,0.00,0.00,0.39,27.30,12.87,0.00,0.39,0.00,0.00,2018
TIMER_2018_09_20 at 01_34_24 4W9A2938.JPG,0.00,2.07,0.00,0.00,0.00,0.00,0.00,38.25,0.00,0.00,0.00,0.00,1.03,18.09,12.40,0.00,1.03,0.00,0.00,2018
TIMER_2018_09_20 at 01_36_25 4W9A2943.JPG,0.00,3.52,0.00,0.00,0.00,0.00,0.00,24.66,0.00,0.00,0.00,0.00,0.44,41.83,14.97,0.00,1.32,0.00,0.00,2018
TIMER_2018_09_20 at 01_36_57 4W9A2944.JPG,0.00,4.03,0.00,0.00,0.00,0.00,0.00,31.81,0.00,0.00,0.00,0.00,0.45,50.63,16.13,0.00,0.90,0.00,0.00,2018
TIMER_2018_09_20 at 01_40_03 4W9A2952.JPG,0.50,6.97,0.00,0.00,0.00,0.50,0.00,30.38,0.00,0.00,0.00,0.00,0.50,38.85,18.43,0.00,0.50,0.00,0.00,2018
TIMER_2018_09_20 at 01_44_06 4W9A2961.JPG,0.00,4.41,0.00,0.00,0.00,0.00,0.00,31.28,0.40,0.00,0.00,0.00,0.80,30.48,15.64,0.00,0.40,0.00,0.00,2018
TIMER_2018_09_20 at 01_47_40 4W9A2969.JPG,0.00,2.94,0.00,0.00,0.00,0.00,0.00,44.47,0.00,0.00,0.00,0.00,0.00,23.08,13.85,0.42,0.84,0.00,0.00,2018
TIMER_2018_09_20 at 01_50_42 4W9A2975.JPG,0.37,2.20,0.00,0.00,0.00,0.00,0.00,32.22,0.00,0.00,0.00,0.00,0.37,39.17,10.98,0.00,0.37,0.00,0.00,2018
TIMER_2018_09_20 at 01_54_15 4W9A2982.JPG,0.00,3.50,0.00,0.00,0.00,0.00,0.00,33.60,0.00,0.00,0.00,0.00,0.35,25.20,13.30,0.00,0.35,0.00,0.00,2018
TIMER_2018_09_20 at 01_54_46 4W9A2983.JPG,0.00,3.24,0.00,0.00,0.40,0.40,0.00,29.53,0.00,0.00,0.00,0.00,0.40,33.57,19.01,0.00,0.81,0.00,0.00,2018
TIMER_2018_09_20 at 01_55_47 4W9A2985.JPG,0.49,4.42,0.00,0.00,0.00,0.00,0.00,35.32,0.00,0.00,0.00,0.00,0.00,38.76,17.66,0.00,0.49,0.00,0.00,2018
TIMER_2018_09_20 at 01_57_49 4W9A2989.JPG,0.59,6.53,0.00,0.00,0.00,0.00,0.00,30.88,0.59,0.00,0.00,0.00,1.19,64.14,12.47,0.59,1.78,0.00,0.00,2018
TIMER_2018_09_20 at 01_59_21 4W9A2992.JPG,0.44,5.25,0.00,0.00,0.00,0.00,0.00,43.31,0.00,0.00,0.00,0.00,0.00,37.62,7.00,0.00,0.87,0.00,0.00,2018
TIMER_2018_09_20 at 02_01_23 4W9A2996.JPG,0.00,0.43,0.00,0.00,0.00,0.00,0.00,36.33,0.00,0.00,0.00,0.00,0.43,27.35,13.25,0.00,0.00,0.00,0.00,2018
TIMER_2018_09_20 at 02_02_24 4W9A2998.JPG,0.00,1.77,0.00,0.00,0.00,0.88,0.00,38.93,0.00,0.00,0.00,0.00,0.44,24.78,17.25,0.00,0.44,0.00,0.00,2018
TIMER_2018_09_20 at 02_04_27 4W9A3002.JPG,0.00,3.00,0.00,0.00,0.00,0.00,0.00,29.97,0.00,0.00,0.00,0.00,2.00,36.46,12.99,0.00,1.00,0.00,0.00,2018
TIMER_2018_09_20 at 02_07_01 4W9A3008.JPG,0.00,1.07,0.00,0.00,0.00,0.53,0.00,40.51,0.00,0.00,0.00,0.00,0.53,45.30,13.32,0.00,0.00,0.00,0.00,2018
TIMER_2018_09_20 at 02_07_32 4W9A3009.JPG,0.70,2.79,0.70,0.00,0.00,0.00,0.00,87.20,0.00,0.00,0.00,0.00,0.00,28.60,14.65,0.00,0.53,0.00,0.00,2018
TIMER_2018_09_20 at 02_09_35 4W9A3015.JPG,0.00,1.87,0.00,0.00,0.00,0.00,0.00,41.67,0.00,0.00,0.00,0.00,0.62,24.88,15.55,0.00,0.00,0.00,0.00,2018
TIMER_2018_09_20 at 02_10_06 4W9A3016.JPG,0.00,2.16,0.00,0.00,0.00,0.00,0.00,38.13,0.72,0.00,0.00,0.00,0.00,29.50,25.18,0.00,0.00,0.00,0.00,2018
TIMER_2018_09_20 at 02_10_36 4W9A3017.JPG,0.00,0.00,0.00,0.00,0.00,0.00,0.00,48.52,0.00,0.00,0.00,0.00,1.54,33.89,16.17,0.00,0.00,0.00,0.00,2018
TIMER_2018_09_20 at 02_14_08 4W9A3025.JPG,0.00,0.94,0.00,0.00,0.00,0.00,0.00,40.70,0.47,0.00,0.47,0.00,0.47,23.39,15.44,0.00,0.00,0.00,0.00,2018
TIMER_2018_09_20 at 02_15_42 4W9A3030.JPG,0.00,1.85,0.62,0.00,0.00,0.00,0.00,46.89,0.62,0.00,0.00,0.00,0.00,38.25,22.83,0.00,1.40,0.00,0.00,2018
TIMER_2018_09_20 at 02_19_16 4W9A3038.JPG,0.00,0.54,0.00,0.00,0.00,1.61,0.00,57.25,0.54,0.00,0.00,0.00,2.14,23.01,23.54,0.00,0.62,0.00,0.00,2018
TIMER_2018_09_20 at 02_19_46 4W9A3039.JPG,0.00,1.53,0.00,0.00,0.00,0.00,0.00,49.86,0.00,0.00,0.00,0.00,0.51,22.89,11.70,0.00,1.07,0.00,0.00,2018
TIMER_2018_09_20 at 02_22_49 4W9A3045.JPG,0.00,1.98,0.00,0.00,0.66,1.98,0.00,59.27,0.00,0.00,0.00,0.00,0.00,27.66,23.71,0.00,1.02,0.00,0.00,2018
TIMER_2018_09_20 at 02_26_23 4W9A3053.JPG,0.00,1.49,0.00,0.50,0.00,0.00,0.00,47.12,1.49,0.00,0.00,0.00,0.50,19.84,12.90,0.00,0.66,0.00,0.00,2018
TIMER_2018_09_20 at 02_27_56 4W9A3056.JPG,0.88,0.00,0.00,0.00,0.00,0.00,0.00,46.55,0.00,0.00,0.00,0.00,0.88,36.89,17.57,0.00,0.00,0.00,0.00,2018
TIMER_2018_09_20 at 02_28_56 4W9A3058.JPG,0.00,1.03,0.00,0.00,0.00,0.00,0.00,49.21,0.51,0.00,0.51,0.00,2.56,17.43,17.94,0.00,0.00,0.00,0.00,2018
TIMER_2018_09_20 at 02_30_59 4W9A3063.JPG,0.00,0.96,0.00,0.00,0.00,0.48,0.00,38.82,1.44,0.00,0.00,0.00,1.92,19.17,15.34,0.00,0.51,0.00,0.00,2018
TIMER_2018_09_20 at 02_35_34 4W9A3073.JPG,0.00,2.51,0.00,0.00,0.63,0.63,0.00,45.85,0.63,0.00,0.00,0.00,1.26,13.19,18.84,0.00,0.96,0.00,0.00,2018
TIMER_2018_09_20 at 02_36_04 4W9A3075.JPG,0.00,0.00,0.00,0.00,0.00,0.00,0.00,51.96,1.83,0.00,0.00,0.00,0.61,20.17,6.72,0.00,0.63,0.00,0.00,2018
TIMER_2018_09_20 at 02_37_35 4W9A3079.JPG,0.00,1.67,0.00,0.00,0.00,0.00,0.00,56.86,0.00,0.00,0.00,0.00,0.42,9.62,3.34,0.00,1.22,0.00,0.00,2018
TIMER_2018_09_20 at 02_38_06 4W9A3080.JPG,0.00,3.22,0.00,0.00,0.00,0.00,0.00,45.01,0.00,0.00,0.00,0.00,0.00,21.22,10.93,0.00,0.42,0.00,0.00,2018
TIMER_2018_09_20 at 02_38_36 4W9A3081.JPG,0.00,0.90,0.00,0.00,0.45,0.45,0.00,40.56,0.00,0.00,0.00,0.00,0.00,18.03,7.21,0.00,0.64,0.00,0.00,2018
TIMER_2018_09_20 at 02_39_36 4W9A3083.JPG,0.00,0.55,0.00,0.00,0.00,0.55,0.00,42.30,0.55,0.00,0.00,0.00,1.10,11.54,12.64,0.00,0.00,0.00,0.00,2018
TIMER_2018_09_20 at 02_41_09 4W9A3087.JPG,0.42,2.51,0.00,0.00,0.00,0.00,0.00,48.87,0.00,0.00,0.00,0.00,1.25,17.54,10.86,0.00,0.00,0.00,0.00,2018
TIMER_2018_09_20 at 02_42_11 4W9A3090.JPG,0.00,2.54,0.00,0.00,0.00,0.00,0.00,47.50,0.00,0.00,0.00,0.00,0.42,11.45,9.33,0.00,0.42,0.00,0.00,2018
TIMER_2018_09_20 at 02_51_56 4W9A3114.JPG,0.00,0.00,0.42,0.00,0.00,1.25,0.00,13.32,0.00,0.00,0.42,0.00,0.42,17.49,9.99,0.00,0.42,0.00,0.00,2018
TIMER_2018_09_20 at 02_54_30 4W9A3120.JPG,0.00,1.65,0.00,0.00,0.00,0.00,0.00,41.74,0.00,0.00,0.00,0.00,0.00,13.22,10.74,0.00,0.00,0.00,0.00,2018
TIMER_2018_09_20 at 02_55_32 4W9A3123.JPG,0.00,1.53,0.00,0.00,0.00,0.00,0.00,45.61,0.38,0.00,0.00,0.00,0.77,10.60,11.50,0.00,0.00,0.00,0.00,2018
TIMER_2018_09_20 at 02_58_08 4W9A3129.JPG,0.00,1.02,0.00,0.00,0.00,0.51,0.00,53.04,0.00,0.00,0.00,0.00,0.51,23.46,11.22,0.00,0.00,0.00,0.00,2018
TIMER_2018_09_20 at 03_02_15 4W9A3139.JPG,0.00,1.45,0.48,0.00,0.00,0.96,0.00,40.99,0.00,0.00,0.00,0.00,0.48,15.43,14.47,0.00,0.51,0.00,0.00,2018
TIMER_2018_09_20 at 03_02_45 4W9A3140.JPG,0.00,2.87,0.00,0.00,0.00,0.00,0.00,56.65,0.41,0.00,0.00,0.00,0.41,18.88,14.78,0.00,0.48,0.00,0.00,2018
TIMER_2018_09_20 at 03_03_16 4W9A3141.JPG,0.00,0.65,0.00,0.00,0.00,0.00,0.00,61.99,0.00,0.00,0.00,0.00,0.00,20.88,17.62,0.00,0.41,0.00,0.00,2018
TIMER_2018_09_20 at 03_04_16 4W9A3143.JPG,0.00,0.93,0.00,0.00,0.00,0.00,0.00,43.32,0.00,0.47,0.00,0.00,0.47,27.48,15.84,0.00,0.00,0.00,0.00,2018
TIMER_2018_09_20 at 03_04_48 4W9A3145.JPG,0.00,0.00,0.00,0.00,0.00,0.44,0.00,48.39,0.00,0.00,0.00,0.00,0.00,19.80,13.64,0.00,0.00,0.00,0.00,2018
TIMER_2018_09_20 at 03_05_50 4W9A3148.JPG,0.00,0.00,0.00,0.00,0.00,0.62,0.00,68.54,0.00,0.00,0.00,0.00,0.00,28.04,14.33,0.00,0.44,0.00,0.00,2018
TIMER_2018_09_20 at 03_07_22 4W9A3151.JPG,0.00,0.76,0.00,0.00,0.00,0.76,0.00,49.86,0.76,0.00,0.00,0.00,0.00,11.33,16.62,0.00,0.62,0.00,0.00,2018
TIMER_2018_09_20 at 03_07_53 4W9A3153.JPG,0.00,5.20,0.00,0.58,0.00,0.00,0.00,59.52,0.00,0.00,0.00,0.00,0.00,15.02,9.82,0.00,0.76,0.00,0.00,2018
TIMER_2018_09_20 at 03_08_24 4W9A3154.JPG,0.00,0.86,0.00,0.43,0.00,0.00,0.00,44.88,0.00,0.00,0.00,0.00,1.29,16.83,8.20,0.00,0.00,0.00,0.00,2018
TIMER_2018_09_20 at 03_18_41 4W9A3177.JPG,0.00,1.45,0.00,0.00,0.00,0.00,0.36,48.94,0.00,0.00,0.00,0.36,0.00,15.95,6.16,0.00,0.43,0.00,0.00,2018
TIMER_2018_09_20 at 03_20_14 4W9A3181.JPG,0.00,1.16,0.39,0.00,0.00,0.00,0.00,44.12,0.00,0.00,0.00,0.00,0.77,14.32,12.00,0.00,0.00,0.00,0.00,2018
TIMER_2018_09_20 at 03_22_49 4W9A3189.JPG,0.00,0.97,0.00,0.00,0.00,0.48,0.00,47.34,0.48,0.00,0.00,0.00,0.00,9.18,7.73,0.00,0.00,0.00,0.00,2018
TIMER_2018_09_20 at 03_23_19 4W9A3190.JPG,0.00,0.56,0.00,0.00,0.00,1.12,0.00,54.35,0.56,0.00,0.00,0.00,0.56,14.57,11.77,0.00,0.48,0.00,0.00,2018
TIMER_2018_09_20 at 03_24_54 4W9A3197.JPG,0.00,1.45,0.00,0.00,0.00,0.48,0.00,49.31,0.00,0.00,0.00,0.00,0.48,16.44,12.57,0.00,0.00,0.00,0.00,2018
TIMER_2018_09_20 at 03_31_02 4W9A3216.JPG,0.00,1.98,0.00,0.00,0.00,1.58,0.00,60.12,0.40,0.00,0.00,0.00,0.00,14.24,7.52,0.00,0.00,0.00,0.00,2018
TIMER_2018_09_20 at 03_31_33 4W9A3217.JPG,0.00,1.76,0.00,0.00,0.00,0.70,0.00,53.42,0.00,0.00,0.00,0.00,0.70,11.95,8.79,0.00,0.40,0.00,0.00,2018
TIMER_2018_09_20 at 03_33_06 4W9A3222.JPG,0.00,1.09,0.00,0.00,0.00,0.54,0.00,56.66,0.54,0.00,0.00,0.00,0.54,1.63,16.34,0.00,0.35,0.00,0.00,2018
TIMER_2018_09_20 at 03_33_38 4W9A3224.JPG,0.00,0.91,0.00,0.00,0.00,0.00,0.00,50.26,0.00,0.00,0.00,0.00,0.45,12.22,14.94,0.00,0.00,0.00,0.00,2018
TIMER_2018_09_20 at 03_38_17 4W9A3236.JPG,0.00,3.03,0.00,0.00,0.00,0.50,0.00,50.92,0.00,0.00,0.00,0.00,1.01,25.21,8.07,0.00,0.00,0.00,0.00,2018
TIMER_2018_09_20 at 03_39_51 4W9A3240.JPG,0.00,0.52,0.00,0.00,0.00,1.56,0.00,52.57,1.04,0.00,0.00,0.00,1.04,9.37,18.74,0.00,0.50,0.00,0.00,2018
TIMER_2018_09_20 at 03_42_58 4W9A3251.JPG,0.00,3.06,0.00,0.00,0.00,1.31,0.00,59.04,0.00,0.00,0.00,0.00,0.87,16.62,14.43,0.00,0.52,0.00,0.00,2018
TIMER_2018_09_20 at 03_45_01 4W9A3257.JPG,0.00,3.88,0.00,0.00,0.00,0.35,0.00,53.67,0.00,0.00,0.00,0.00,1.77,20.83,17.30,0.00,0.87,0.00,0.00,2018
TIMER_2018_09_20 at 03_46_02 4W9A3259.JPG,0.00,2.65,0.00,0.00,0.00,0.76,0.00,54.91,0.00,0.00,0.38,0.00,1.14,17.80,13.63,0.00,0.00,0.00,0.00,2018
TIMER_2018_09_20 at 03_47_04 4W9A3261.JPG,0.00,2.99,0.00,0.43,0.00,0.00,0.00,50.46,0.00,0.00,0.00,0.00,1.71,16.25,15.82,0.00,0.38,0.00,0.00,2018
TIMER_2018_09_20 at 03_47_35 4W9A3263.JPG,0.00,1.49,0.00,0.00,0.00,0.99,0.00,53.97,0.50,0.00,0.00,0.00,0.50,20.79,14.36,0.00,1.71,0.00,0.00,2018
TIMER_2018_09_20 at 03_48_05 4W9A3264.JPG,0.00,3.51,0.00,0.00,0.00,0.50,0.00,47.67,0.00,0.50,0.00,0.00,1.51,24.09,17.56,0.00,1.49,0.00,0.00,2018
TIMER_2018_09_20 at 03_48_37 4W9A3266.JPG,0.00,4.07,0.00,0.00,0.00,0.00,0.00,52.37,0.00,0.00,0.00,0.00,0.58,16.88,13.38,0.00,2.01,0.00,0.00,2018
TIMER_2018_09_20 at 03_49_39 4W9A3269.JPG,0.00,2.39,0.00,0.00,0.00,0.48,0.00,52.97,0.00,0.00,0.48,0.00,0.00,23.86,11.93,0.00,0.58,0.00,0.00,2018
TIMER_2018_09_20 at 03_50_10 4W9A3270.JPG,0.00,0.42,0.00,0.00,0.00,0.42,0.00,66.89,0.00,0.00,0.00,0.00,0.84,22.99,16.30,0.00,0.95,0.00,0.00,2018
TIMER_2018_09_20 at 03_51_13 4W9A3274.JPG,0.00,1.67,0.00,0.00,0.00,0.00,0.00,53.56,0.00,0.00,0.00,0.00,0.84,9.62,15.48,0.00,0.00,0.00,0.00,2018
TIMER_2018_09_20 at 03_54_20 4W9A3283.JPG,0.00,1.86,0.00,0.00,0.00,0.46,0.00,49.68,0.00,0.00,0.00,0.00,2.79,20.43,16.72,0.00,0.00,0.00,0.00,2018
TIMER_2018_09_20 at 03_55_53 4W9A3286.JPG,0.00,2.93,0.00,0.00,0.00,0.00,0.00,52.28,0.00,0.00,0.00,0.00,0.49,13.68,12.21,0.00,0.93,0.00,0.00,2018
TIMER_2018_09_20 at 04_00_30 4W9A3300.JPG,0.00,1.26,0.00,0.00,0.00,0.00,0.00,46.90,0.00,0.00,0.00,0.00,1.26,17.59,13.40,0.00,0.00,0.00,0.00,2018
TIMER_2018_09_20 at 04_04_07 4W9A3308.JPG,0.00,3.19,0.00,0.00,0.00,1.91,0.64,48.45,0.00,0.00,0.64,0.00,0.00,28.05,15.30,0.00,1.26,0.00,0.00,2018
TIMER_2018_09_20 at 04_12_22 4W9A3330.JPG,0.00,3.40,0.00,0.00,0.00,1.70,0.00,39.07,0.00,0.00,0.00,0.00,1.13,24.91,13.02,0.00,0.64,0.00,0.00,2018
TIMER_2018_09_20 at 04_12_52 4W9A3331.JPG,0.00,3.42,0.00,0.00,0.00,1.71,0.00,37.65,0.00,0.00,0.86,0.00,0.00,32.52,17.12,0.00,1.70,0.00,0.00,2018
TIMER_2018_09_20 at 04_16_56 4W9A3340.JPG,0.79,0.79,0.00,0.00,0.00,0.40,0.00,19.45,0.40,0.00,0.00,0.00,1.59,19.06,12.70,0.00,0.00,0.00,0.00,2018
TIMER_2018_09_20 at 04_19_32 4W9A3348.JPG,0.00,3.52,0.00,0.00,0.00,1.01,0.00,46.28,0.50,0.00,0.00,0.00,1.51,17.61,16.10,0.00,0.40,0.00,0.00,2018
TIMER_2018_09_20 at 04_21_33 4W9A3354.JPG,0.00,3.10,0.00,0.00,0.00,0.00,0.00,45.39,0.00,0.00,0.00,0.00,1.55,25.28,18.57,0.00,0.50,0.00,0.00,2018
TIMER_2018_09_20 at 04_24_07 4W9A3361.JPG,0.01,3.00,0.00,0.00,0.00,0.00,0.00,49.13,0.00,0.00,0.60,0.00,3.00,29.36,23.97,0.00,1.03,0.00,0.00,2018
TIMER_2018_09_20 at 04_24_39 4W9A3363.JPG,0.00,31.54,0.00,0.00,0.00,1.15,0.00,45.88,0.00,0.00,0.00,0.00,1.72,18.93,14.91,0.00,1.80,0.00,0.00,2018
TIMER_2018_09_20 at 04_26_42 4W9A3368.JPG,0.00,0.87,0.00,0.00,0.00,0.44,0.00,41.35,0.00,0.00,0.00,0.00,0.87,25.25,16.54,0.00,1.15,0.00,0.00,2018
TIMER_2018_09_20 at 04_27_43 4W9A3370.JPG,0.00,1.91,0.00,0.00,0.00,0.48,0.00,35.38,0.00,0.00,0.00,0.00,0.96,22.47,16.25,0.00,2.18,0.00,0.00,2018
TIMER_2019-08-18T04.58.34_4W9A4415.jpg,0.32,2.58,0.00,0.32,0.00,0.00,0.00,30.34,0.00,0.00,0.00,0.00,3.55,39.38,16.14,0.00,0.65,0.00,0.00,2019
TIMER_2019-08-18T04.59.01_4W9A4416.jpg,0.31,1.85,0.00,0.00,0.00,0.00,0.00,34.25,0.31,0.00,0.00,0.00,2.78,47.22,11.11,0.00,1.54,0.00,0.00,2019
TIMER_2019-08-18T05.00.20_4W9A4419.jpg,0.34,2.40,0.34,0.00,0.00,1.03,0.00,26.01,0.34,0.00,0.34,0.00,1.71,40.38,7.87,0.00,3.08,0.00,0.00,2019
TIMER_2019-08-18T05.00.46_4W9A4420.jpg,0.00,2.47,0.00,0.35,0.00,1.06,0.00,30.32,0.35,0.00,0.00,0.00,1.41,37.72,8.46,0.00,1.76,0.00,0.00,2019
TIMER_2019-08-18T05.01.39_4W9A4422.jpg,0.00,1.35,0.00,0.00,0.00,0.67,0.00,35.41,0.34,0.00,0.00,0.00,1.69,39.12,6.74,0.00,0.34,0.00,0.00,2019
TIMER_2019-08-18T05.02.05_4W9A4423.jpg,0.32,3.16,0.00,0.00,0.00,0.32,0.00,33.49,0.63,0.00,0.00,0.00,1.58,30.96,6.95,0.00,0.95,0.00,0.00,2019
TIMER_2019-08-18T05.02.31_4W9A4424.jpg,0.00,1.27,0.32,0.00,0.00,0.63,0.00,34.20,0.32,0.00,0.00,0.00,1.27,16.79,5.38,0.00,2.53,0.00,0.00,2019
TIMER_2019-08-18T05.02.58_4W9A4426.jpg,0.00,3.12,0.35,0.00,0.00,1.04,0.00,30.16,0.00,0.00,0.00,0.35,1.73,36.06,9.71,0.35,1.04,0.00,0.00,2019
TIMER_2019-08-18T05.03.52_4W9A4429.jpg,0.36,1.08,0.36,0.00,0.00,0.00,0.00,32.32,0.72,0.00,0.00,0.00,1.08,28.37,8.98,0.00,0.72,0.00,0.00,2019
TIMER_2019-08-18T05.04.18_4W9A4431.jpg,0.00,4.67,0.00,0.00,0.00,0.39,0.39,36.56,0.00,0.00,0.00,0.00,0.39,26.45,8.17,0.00,0.00,0.00,0.00,2019
TIMER_2019-08-18T05.10.51_4W9A4451.jpg,0.00,3.05,0.31,0.00,0.00,0.31,0.00,24.72,0.61,0.00,0.00,0.00,1.53,46.09,10.38,0.31,1.53,0.00,0.00,2019
TIMER_2019-08-18T05.11.44_4W9A4453.jpg,0.35,2.11,0.00,0.00,0.00,1.05,0.00,26.01,0.00,0.00,0.00,0.00,1.76,37.96,10.19,0.00,0.70,0.00,0.00,2019
TIMER_2019-08-18T05.12.10_4W9A4454.jpg,0.00,1.74,0.35,0.00,0.00,0.00,0.00,33.82,0.00,0.00,0.00,0.00,2.79,35.91,13.95,0.00,1.74,0.00,0.00,2019
TIMER_2019-08-18T05.14.20_4W9A4460.jpg,0.00,1.50,0.00,0.00,0.00,0.60,0.00,32.99,0.30,0.00,0.00,0.00,1.20,32.99,9.30,0.00,0.30,0.00,0.00,2019
TIMER_2019-08-18T05.14.46_4W9A4461.jpg,0.00,1.35,0.00,0.00,0.00,0.00,0.00,31.39,0.00,0.00,0.00,0.00,1.35,43.21,8.44,0.00,1.01,0.34,0.00,2019
TIMER_2019-08-18T05.19.09_4W9A4472.jpg,0.00,3.40,0.00,0.34,0.00,0.00,0.00,35.37,0.34,0.00,0.00,0.00,1.36,65.30,11.22,0.00,1.36,0.68,0.00,2019
TIMER_2019-08-18T05.25.17_4W9A4486.jpg,0.69,3.12,0.00,0.00,0.00,0.69,0.00,31.53,0.00,0.00,0.00,0.00,3.12,27.37,13.51,0.00,0.35,0.00,0.00,2019
TIMER_2019-08-18T05.27.02_4W9A4490.jpg,0.31,2.17,0.00,0.00,0.00,0.00,0.00,30.35,0.93,0.00,0.00,0.00,0.62,26.63,8.36,0.00,0.93,0.00,0.00,2019
TIMER_2019-08-18T05.30.34_4W9A4501.jpg,0.30,2.41,0.00,0.00,0.00,0.90,0.00,36.74,0.00,0.00,0.30,0.00,1.81,35.24,8.13,0.00,0.60,0.00,0.00,2019
TIMER_2019-08-18T05.31.52_4W9A4505.jpg,0.61,2.15,0.31,0.00,0.00,0.31,0.00,40.22,0.31,0.00,0.00,0.00,1.84,24.25,10.75,0.00,1.23,0.00,0.00,2019
TIMER_2019-08-18T05.32.45_4W9A4509.jpg,0.00,1.65,0.00,0.00,0.00,0.00,0.00,37.22,0.00,0.00,0.00,0.00,4.14,40.53,13.65,0.00,0.83,0.00,0.00,2019
TIMER_2019-08-18T05.33.12_4W9A4510.jpg,0.00,2.48,0.00,0.00,0.00,0.35,0.00,32.61,0.71,0.00,0.00,0.00,1.06,33.32,10.28,0.00,1.77,0.00,0.00,2019
TIMER_2019-08-18T05.33.38_4W9A4511.jpg,0.00,3.48,0.00,0.00,0.00,0.00,0.00,33.05,0.00,0.00,0.43,0.00,1.74,20.44,4.35,0.00,3.04,0.00,0.00,2019
TIMER_2019-08-18T05.36.16_4W9A4519.jpg,0.00,3.12,0.31,0.00,0.00,0.00,0.00,47.14,0.62,0.00,0.00,0.00,1.25,40.90,5.62,0.00,2.50,0.31,0.00,2019
TIMER_2019-08-18T05.36.42_4W9A4520.jpg,0.00,2.70,0.00,0.00,0.00,0.00,0.00,45.06,0.00,0.00,0.00,0.00,1.16,31.20,6.16,0.00,0.77,0.00,0.00,2019
TIMER_2019-08-18T05.38.27_4W9A4524.jpg,0.00,2.31,0.00,0.00,0.00,0.39,0.00,39.73,0.00,0.00,0.00,0.00,1.54,32.79,10.80,0.00,0.77,0.00,0.00,2019
TIMER_2019-08-18T05.38.54_4W9A4526.jpg,0.00,3.83,0.00,0.00,0.00,0.00,0.00,42.51,0.70,0.00,0.35,0.00,2.79,19.17,12.54,0.35,1.05,0.00,0.00,2019
TIMER_2019-08-18T05.39.20_4W9A4528.jpg,0.00,3.33,0.42,0.00,0.00,0.83,0.00,46.63,1.25,0.00,0.00,0.00,2.91,42.46,7.49,0.00,0.83,0.00,0.00,2019
TIMER_2019-08-18T05.39.46_4W9A4529.jpg,0.00,1.00,0.00,0.00,0.00,0.00,0.00,48.53,1.00,0.00,0.00,0.00,3.50,41.53,12.01,0.00,0.50,0.00,0.00,2019
TIMER_2019-08-18T05.40.39_4W9A4531.jpg,0.00,2.23,0.00,0.00,0.00,0.37,0.00,44.51,0.37,0.00,0.00,0.00,3.34,43.03,14.47,0.00,1.11,0.00,0.37,2019
TIMER_2019-08-18T05.41.05_4W9A4532.jpg,0.00,2.59,0.00,0.00,0.00,0.00,0.00,43.53,0.00,0.00,0.00,0.00,3.02,34.04,8.62,0.00,0.43,0.00,0.00,2019
TIMER_2019-08-18T05.44.33_4W9A4540.jpg,0.00,1.36,0.00,0.00,0.00,2.27,0.00,44.59,0.00,0.00,0.00,0.00,1.82,25.48,12.28,0.00,0.00,0.00,0.00,2019
TIMER_2019-08-18T05.46.18_4W9A4545.jpg,0.00,1.58,0.00,0.00,0.00,0.00,0.00,43.15,1.58,0.00,0.00,0.00,6.84,44.20,8.42,0.00,1.05,0.00,0.00,2019
TIMER_2019-08-18T05.47.11_4W9A4547.jpg,0.00,1.07,0.00,0.00,0.00,0.00,0.00,51.17,0.71,0.00,0.00,0.00,1.07,31.63,10.31,0.00,0.00,0.00,0.36,2019
TIMER_2019-08-18T05.48.30_4W9A4551.jpg,0.00,3.37,0.00,0.00,0.00,0.00,0.00,47.22,0.00,0.00,0.00,0.00,3.79,33.31,12.23,0.00,2.11,0.00,0.00,2019
TIMER_2019-08-18T05.48.57_4W9A4552.jpg,0.00,1.22,0.41,0.00,0.00,0.41,0.00,63.96,0.41,0.00,0.00,0.00,0.41,37.07,6.52,0.00,0.00,0.00,0.00,2019
TIMER_2019-08-18T05.49.23_4W9A4553.jpg,0.00,1.42,0.00,0.00,0.00,0.71,0.00,50.43,0.00,0.00,0.00,0.00,0.71,31.61,10.65,0.00,0.36,0.00,0.00,2019
TIMER_2019-08-18T05.50.44_4W9A4558.jpg,0.00,0.41,0.00,0.00,0.00,0.00,0.00,52.24,0.00,0.00,0.00,0.00,1.22,43.26,13.06,0.00,0.41,0.00,0.00,2019
TIMER_2019-08-18T05.52.03_4W9A4561.jpg,0.00,1.22,0.00,0.00,0.00,0.00,0.00,40.93,0.41,0.00,0.00,0.00,2.84,34.44,14.59,0.00,0.41,0.00,0.00,2019
TIMER_2019-08-18T05.52.56_4W9A4565.jpg,0.00,0.43,0.00,0.00,0.00,0.00,0.00,51.85,0.00,0.00,0.00,0.00,1.29,32.14,8.57,0.00,0.86,0.00,0.00,2019
TIMER_2019-08-18T05.56.02_4W9A4573.jpg,0.00,1.98,0.00,0.00,0.00,0.66,0.00,44.93,0.66,0.00,0.00,0.00,1.98,22.14,11.23,0.00,0.66,0.00,0.00,2019
TIMER_2019-08-18T05.56.29_4W9A4575.jpg,0.00,4.05,0.00,0.00,0.00,0.45,0.00,41.86,0.45,0.00,0.00,0.00,1.80,27.46,13.50,0.00,0.90,0.00,0.00,2019
TIMER_2019-08-18T05.57.49_4W9A4579.jpg,0.00,2.22,0.55,0.00,0.00,0.55,0.00,53.25,0.55,0.00,0.00,0.00,2.22,18.31,13.31,0.00,1.11,0.00,0.00,2019
TIMER_2019-08-18T06.02.39_4W9A4591.jpg,0.00,1.66,0.00,0.00,0.00,0.00,0.00,49.47,1.25,0.00,0.00,0.00,2.08,27.85,7.48,0.00,0.00,0.00,0.00,2019
TIMER_2019-08-18T06.05.17_4W9A4599.jpg,0.54,2.17,0.00,0.00,0.00,0.54,0.00,52.07,0.54,0.00,0.00,0.00,2.17,27.66,9.22,0.00,1.08,0.00,0.00,2019
TIMER_2019-08-18T06.05.43_4W9A4600.jpg,0.00,2.17,0.00,0.00,0.00,0.87,0.00,41.17,0.87,0.00,0.00,0.00,1.73,33.37,17.77,0.00,0.00,0.00,0.00,2019
TIMER_2019-08-18T06.08.47_4W9A4609.jpg,0.00,3.30,0.00,0.00,0.00,1.32,0.00,52.81,0.00,0.00,0.00,0.00,1.98,37.63,11.22,0.00,2.64,0.00,0.00,2019
TIMER_2019-08-18T06.09.41_4W9A4612.jpg,0.00,3.48,0.00,0.00,0.00,1.30,0.43,32.58,0.00,0.00,0.00,0.00,2.61,33.88,12.60,0.00,0.87,0.00,0.00,2019
TIMER_2019-08-18T06.12.46_4W9A4621.jpg,0.00,1.94,0.00,0.00,0.00,0.65,0.00,51.67,0.00,0.00,0.00,0.00,1.94,31.65,11.63,0.00,1.29,0.00,0.00,2019
TIMER_2019-08-18T06.15.33_4W9A4628.jpg,0.00,0.56,0.00,0.00,0.00,0.00,0.00,51.98,0.00,0.00,1.12,0.00,3.35,21.24,7.27,0.00,0.00,0.00,0.00,2019
TIMER_2019-08-18T06.16.41_4W9A4631.jpg,0.00,2.48,0.00,0.62,0.00,0.62,0.00,62.58,0.00,0.00,0.00,0.00,3.10,24.16,9.91,0.00,0.00,0.00,0.00,2019
TIMER_2019-08-18T06.17.03_4W9A4632.jpg,0.39,0.39,0.00,0.00,0.00,0.78,0.00,51.64,0.00,0.00,0.00,0.00,1.17,18.78,12.13,0.00,0.39,0.00,0.00,2019
TIMER_2019-08-18T06.17.47_4W9A4635.jpg,0.00,0.93,0.00,0.00,0.00,0.47,0.00,47.90,1.40,0.00,0.00,0.00,0.93,18.60,15.35,0.00,0.93,0.00,0.00,2019
TIMER_2019-08-18T06.18.54_4W9A4638.jpg,0.00,3.07,0.51,0.00,0.00,1.02,0.00,41.97,0.51,0.00,0.00,0.00,3.58,15.35,17.91,0.00,0.00,0.00,0.00,2019
TIMER_2019-08-18T06.19.16_4W9A4639.jpg,0.00,2.16,0.00,0.00,0.00,0.72,0.00,41.00,0.72,0.00,0.00,0.00,1.44,30.21,10.79,0.00,0.00,0.00,0.00,2019
TIMER_2019-08-18T06.19.38_4W9A4640.jpg,0.00,0.79,0.00,0.00,0.00,0.40,0.00,48.64,0.00,0.00,0.00,0.00,1.58,24.12,11.07,0.00,0.00,0.00,0.00,2019
TIMER_2019-08-18T06.20.00_4W9A4641.jpg,0.00,2.58,0.00,0.00,0.00,0.00,0.00,33.07,0.00,0.00,0.00,0.00,2.07,28.94,12.40,0.00,0.52,0.00,0.00,2019
TIMER_2019-08-18T06.20.22_4W9A4642.jpg,0.00,2.31,0.00,0.00,0.00,0.39,0.00,38.90,0.39,0.00,0.00,0.00,1.93,22.72,17.33,0.00,0.77,0.00,0.00,2019
TIMER_2019-08-18T06.20.44_4W9A4643.jpg,0.00,4.10,0.00,0.00,0.00,0.59,0.00,53.28,0.00,0.00,0.00,0.00,1.76,35.72,16.40,0.00,0.00,0.00,0.00,2019
TIMER_2019-08-18T06.21.07_4W9A4644.jpg,0.65,2.59,0.00,0.00,0.00,0.65,0.00,50.44,0.00,0.00,0.00,0.00,3.88,16.81,13.58,0.00,0.65,0.00,0.65,2019
TIMER_2019-08-18T06.23.45_4W9A4652.jpg,0.00,2.58,0.00,0.37,0.00,0.37,0.00,51.26,0.37,0.00,0.00,0.00,2.58,26.92,9.59,0.00,0.37,0.00,0.00,2019
TIMER_2019-08-18T06.28.12_4W9A4665.jpg,0.00,0.83,0.41,0.00,0.00,0.00,0.00,39.27,0.41,0.00,0.00,0.00,2.48,29.76,11.99,0.00,0.00,0.00,0.00,2019
TIMER_2019-08-18T06.28.35_4W9A4666.jpg,0.00,2.07,0.00,0.00,0.00,0.00,0.41,44.37,0.41,0.00,0.00,0.00,2.07,24.47,9.54,0.00,0.00,0.00,0.00,2019
TIMER_2019-08-18T06.28.58_4W9A4667.jpg,0.00,1.15,0.57,0.00,0.00,0.57,0.00,52.75,0.57,0.00,0.00,0.00,4.01,13.76,8.60,0.00,0.00,0.00,0.00,2019
TIMER_2019-08-18T06.31.13_4W9A4674.jpg,0.00,1.55,0.52,0.00,0.00,0.52,0.00,61.67,0.52,0.00,0.00,0.00,3.63,19.18,12.44,0.00,0.00,0.00,0.00,2019
TIMER_2019-08-18T06.32.20_4W9A4677.jpg,0.00,0.42,0.00,0.00,0.00,0.42,0.00,49.06,0.00,0.00,0.00,0.00,0.84,17.61,10.48,0.00,0.00,0.00,0.00,2019
TIMER_2019-08-18T06.36.03_4W9A4689.jpg,0.41,2.48,0.00,0.00,0.00,0.41,0.00,52.80,0.41,0.00,0.41,0.00,1.24,17.74,11.96,0.00,0.00,0.00,0.00,2019
TIMER_2019-08-18T06.36.25_4W9A4691.jpg,0.00,1.17,0.00,0.00,0.00,0.78,0.39,54.61,0.39,0.00,0.39,0.00,2.34,17.16,8.97,0.00,0.00,0.00,0.00,2019
TIMER_2019-08-18T06.36.48_4W9A4692.jpg,0.00,1.65,0.00,0.00,0.00,0.41,0.00,46.10,0.00,0.00,0.00,0.00,3.29,12.35,9.88,0.00,0.41,0.00,0.00,2019
TIMER_2019-08-18T06.37.10_4W9A4693.jpg,0.00,2.26,0.00,0.00,0.00,0.97,0.32,45.19,0.65,0.00,0.00,0.00,1.29,21.95,10.65,0.00,0.32,0.00,0.00,2019
TIMER_2019-08-18T06.37.32_4W9A4694.jpg,0.00,2.40,0.00,0.00,0.00,0.80,0.00,42.40,0.00,0.00,0.00,0.00,2.00,25.60,13.20,0.00,0.00,0.00,0.00,2019
TIMER_2019-08-18T06.38.18_4W9A4697.jpg,0.00,0.77,0.39,0.00,0.00,0.39,0.00,46.62,0.39,0.00,0.39,0.00,3.08,21.19,8.86,0.00,1.16,0.00,0.00,2019
TIMER_2019-08-18T06.40.10_4W9A4704.jpg,0.00,3.25,0.00,0.00,0.00,1.08,0.00,49.86,0.00,0.00,0.00,0.00,1.08,26.74,7.59,0.00,0.36,0.00,0.36,2019
TIMER_2019-08-18T06.41.39_4W9A4708.jpg,0.33,1.66,0.00,0.00,0.00,0.00,0.00,52.53,0.00,0.00,0.00,0.00,1.00,8.31,8.64,0.00,0.00,0.00,0.00,2019
TIMER_2019-08-18T06.42.47_4W9A4712.jpg,0.33,1.34,0.00,0.00,0.00,1.00,0.00,47.55,0.33,0.00,0.00,0.00,1.67,12.39,7.70,0.00,0.00,0.00,0.00,2019
TIMER_2019-08-18T06.44.16_4W9A4718.jpg,0.00,1.51,0.00,0.00,0.00,0.76,0.00,53.75,0.00,0.00,0.00,0.00,1.14,10.98,6.06,0.00,0.76,0.00,0.00,2019
TIMER_2019-08-18T06.46.30_4W9A4724.jpg,0.00,1.46,0.00,0.00,0.00,0.36,0.00,56.13,1.09,0.00,0.00,0.00,1.46,9.84,11.30,0.00,0.00,0.00,0.00,2019
TIMER_2019-08-18T06.46.52_4W9A4725.jpg,0.00,2.07,0.00,0.00,0.00,0.83,0.00,47.61,0.00,0.00,0.00,0.00,2.48,11.18,12.42,0.00,0.00,0.00,0.00,2019
TIMER_2019-08-18T06.47.38_4W9A4729.jpg,0.00,1.29,0.00,0.00,0.00,0.00,0.00,51.96,0.00,0.00,0.00,0.00,1.29,12.26,11.30,0.00,0.00,0.00,0.00,2019
TIMER_2019-08-18T06.49.53_4W9A4735.jpg,0.00,3.45,0.00,0.00,0.00,0.63,0.00,50.83,0.94,0.00,0.00,0.00,1.57,16.00,7.22,0.00,0.63,0.00,0.00,2019
TIMER_2019-08-18T06.50.15_4W9A4736.jpg,0.00,2.82,0.00,0.00,0.00,0.35,0.00,54.93,1.06,0.00,0.00,0.00,1.76,10.21,10.56,0.00,0.35,0.00,0.00,2019
TIMER_2019-08-18T06.50.37_4W9A4737.jpg,0.00,2.18,0.00,0.00,0.00,0.36,0.00,51.57,1.09,0.00,0.00,0.00,1.45,15.62,7.26,0.00,0.36,0.00,0.00,2019
TIMER_2019-08-18T06.51.22_4W9A4741.jpg,0.33,1.98,0.00,0.00,0.00,0.00,0.00,54.86,0.00,0.00,0.00,0.00,1.98,14.87,6.94,0.00,0.33,0.00,0.00,2019
TIMER_2019-08-18T06.54.21_4W9A4754.jpg,0.00,2.29,0.00,0.00,0.00,1.91,0.00,56.15,0.38,0.00,0.38,0.00,1.53,17.19,12.99,0.00,0.38,0.00,0.00,2019
TIMER_2019-08-18T06.56.11_4W9A4759.jpg,0.00,1.87,0.00,0.00,0.00,0.62,0.00,57.49,0.00,0.00,0.00,0.00,0.94,9.37,5.94,0.00,0.94,0.00,0.00,2019
TIMER_2019-08-18T06.57.18_4W9A4762.jpg,0.00,3.52,0.00,0.00,0.00,0.78,0.00,53.27,0.00,0.00,0.39,0.00,3.92,16.06,7.44,0.00,0.00,0.00,0.00,2019
TIMER_2019-08-18T06.57.40_4W9A4763.jpg,0.00,4.29,0.00,0.00,0.00,0.39,0.39,64.34,0.00,0.00,0.00,0.00,3.12,14.43,5.46,0.00,0.00,0.00,0.00,2019
TIMER_2019-08-18T06.59.33_4W9A4769.jpg,0.00,2.76,0.00,0.00,0.00,0.92,0.00,57.75,0.61,0.00,0.00,0.00,3.38,9.22,4.30,0.00,0.31,0.00,0.00,2019
TIMER_2019-08-18T07.00.17_4W9A4772.jpg,0.00,2.76,0.31,0.00,0.00,0.61,0.00,57.87,0.00,0.00,0.00,0.00,1.53,15.00,8.57,0.00,0.00,0.00,0.00,2019
TIMER_2019-08-18T07.00.39_4W9A4774.jpg,0.00,3.61,0.00,0.30,0.00,0.30,0.00,57.42,0.30,0.00,0.00,0.00,2.10,16.23,7.52,0.00,0.00,0.00,0.00,2019
TIMER_2021_06_06 at 04_15_25 IMG_0077.JPG,0.00,0.67,0.00,0.00,0.00,0.00,0.00,25.48,0.00,0.00,0.00,0.00,0.34,29.17,7.38,0.00,0.00,0.00,0.00,2021
TIMER_2021_06_06 at 04_18_10 IMG_0085.JPG,0.29,2.65,0.00,0.00,0.00,0.29,0.00,24.14,0.29,0.00,0.00,0.00,1.18,39.15,5.59,0.00,0.29,0.00,0.29,2021
TIMER_2021_06_06 at 04_18_31 IMG_0086.JPG,0.00,1.81,0.00,0.00,0.00,0.00,0.00,25.32,0.00,0.00,0.00,0.00,1.81,43.10,9.34,0.00,0.30,0.00,0.00,2021
TIMER_2021_06_06 at 04_18_52 IMG_0087.JPG,0.00,3.52,0.00,0.35,0.00,0.35,0.00,24.29,0.35,0.00,0.00,0.00,0.35,33.80,10.56,0.00,0.35,0.00,0.00,2021
TIMER_2021_06_06 at 04_19_14 IMG_0089.JPG,0.00,3.79,0.00,0.00,0.00,0.00,0.00,24.51,0.00,0.00,0.00,0.00,0.88,49.59,6.42,0.00,0.88,0.00,0.00,2021
TIMER_2021_06_06 at 04_19_56 IMG_0091.JPG,0.00,2.73,0.00,0.00,0.00,0.34,0.34,20.45,0.00,0.00,0.00,0.00,1.36,48.40,9.20,0.00,1.02,0.00,0.00,2021
TIMER_2021_06_06 at 04_21_37 IMG_0097.JPG,0.00,2.52,0.00,0.00,0.00,0.00,0.00,22.25,0.42,0.00,0.00,0.00,0.84,44.08,10.49,0.00,0.42,0.00,0.00,2021
TIMER_2021_06_06 at 04_21_58 IMG_0098.JPG,0.29,3.20,0.00,0.00,0.00,0.29,0.00,22.40,0.00,0.00,0.00,0.00,1.45,53.23,13.96,0.00,0.87,0.00,0.00,2021
TIMER_2021_06_06 at 04_23_00 IMG_0101.JPG,0.00,1.81,0.30,0.00,0.00,0.30,0.00,19.33,0.30,0.00,0.00,0.00,0.91,45.62,8.46,0.00,0.60,0.00,0.00,2021
TIMER_2021_06_06 at 04_24_03 IMG_0104.JPG,0.00,3.83,0.00,0.00,0.00,0.51,0.00,15.81,0.00,0.00,0.26,0.00,1.53,73.97,9.95,0.00,1.28,0.00,0.00,2021
TIMER_2021_06_06 at 04_24_45 IMG_0106.JPG,0.00,1.81,0.00,0.00,0.00,0.00,0.00,20.45,0.26,0.00,0.26,0.00,1.55,42.71,9.06,0.00,0.52,0.00,0.00,2021
TIMER_2021_06_06 at 04_27_58 IMG_0119.JPG,0.00,2.39,0.00,0.00,0.34,0.00,0.00,18.07,0.00,0.00,0.00,0.00,1.02,45.34,10.57,0.00,0.68,0.00,0.00,2021
TIMER_2021_06_06 at 04_28_18 IMG_0120.JPG,0.00,1.64,0.00,0.00,0.00,0.00,0.00,21.01,0.33,0.00,0.00,0.00,1.64,43.34,8.21,0.00,0.66,0.00,0.00,2021
TIMER_2021_06_06 at 04_28_59 IMG_0122.JPG,0.25,3.51,0.00,0.00,0.00,0.00,0.00,21.82,0.00,0.00,0.25,0.00,1.50,26.58,8.53,0.25,0.25,0.00,0.00,2021
TIMER_2021_06_06 at 04_35_18 IMG_0143.JPG,0.00,4.49,0.00,0.00,0.00,0.00,0.00,27.85,0.00,0.00,0.00,0.00,1.50,44.92,5.99,0.00,0.00,0.00,0.00,2021
TIMER_2021_06_06 at 04_35_59 IMG_0145.JPG,0.00,2.43,0.00,0.00,0.00,0.00,0.00,23.51,0.41,0.00,0.00,0.00,5.27,44.98,10.94,0.00,0.81,0.00,0.00,2021
TIMER_2021_06_06 at 04_36_41 IMG_0148.JPG,0.00,1.80,0.36,0.00,0.00,0.00,0.00,26.66,0.72,0.00,0.00,0.00,3.24,59.44,7.20,0.00,0.36,0.00,0.00,2021
TIMER_2021_06_06 at 04_37_02 IMG_0149.JPG,0.00,2.45,0.00,0.00,0.00,0.00,0.00,23.67,0.41,0.00,0.41,0.00,4.08,47.74,13.47,0.00,0.82,0.00,0.00,2021
TIMER_2021_06_06 at 04_37_23 IMG_0150.JPG,0.00,3.56,0.00,0.00,0.00,0.65,0.00,23.27,0.65,0.00,0.32,0.00,1.29,30.06,8.40,0.00,0.65,0.00,0.00,2021
TIMER_2021_06_06 at 04_38_05 IMG_0152.JPG,0.00,1.97,0.00,0.00,0.00,0.28,0.00,24.50,0.28,0.00,0.00,0.00,1.69,59.70,8.17,0.00,1.13,0.00,0.00,2021
TIMER_2021_06_06 at 04_39_08 IMG_0155.JPG,0.00,2.49,0.00,0.00,0.00,0.00,0.00,27.15,0.00,0.00,0.00,0.00,0.55,52.37,9.70,0.00,1.66,0.00,0.00,2021
TIMER_2021_06_06 at 04_40_12 IMG_0159.JPG,0.33,0.67,0.00,0.00,0.00,0.33,0.00,23.63,0.33,0.00,0.00,0.00,2.66,41.59,8.65,0.00,1.33,0.00,0.00,2021
TIMER_2021_06_06 at 04_41_37 IMG_0165.JPG,0.00,1.53,0.00,0.00,0.00,0.00,0.00,28.32,0.38,0.00,0.00,0.00,0.38,28.71,8.04,0.00,0.38,0.00,0.00,2021
TIMER_2021_06_06 at 04_41_58 IMG_0166.JPG,0.29,2.32,0.00,0.00,0.00,0.00,0.00,32.20,0.00,0.00,0.00,0.29,2.03,52.22,8.70,0.00,1.16,0.00,0.00,2021
TIMER_2021_06_06 at 04_42_38 IMG_0168.JPG,0.32,2.91,0.00,0.00,0.00,0.00,0.00,24.55,0.00,0.00,0.00,0.00,0.32,38.76,8.40,0.00,0.32,0.00,0.00,2021
TIMER_2021_06_06 at 04_48_14 IMG_0188.JPG,0.00,2.98,0.00,0.00,0.00,0.60,0.00,25.59,0.00,0.00,0.00,0.00,4.17,36.90,10.12,0.00,0.60,0.00,0.00,2021
TIMER_2021_06_06 at 04_48_55 IMG_0191.JPG,0.00,0.73,0.00,0.36,0.00,0.00,0.00,33.52,0.00,0.00,0.00,0.00,0.73,47.73,9.47,0.00,0.36,0.00,0.00,2021
TIMER_2021_06_06 at 04_49_14 IMG_0192.JPG,0.00,2.79,0.00,0.00,0.00,0.00,0.40,28.69,0.40,0.00,0.00,0.00,2.79,40.65,7.57,0.00,0.80,0.00,0.00,2021
TIMER_2021_06_06 at 04_50_18 IMG_0196.JPG,0.00,1.59,0.00,0.00,0.00,0.00,0.00,33.17,0.00,0.00,0.00,0.00,1.06,42.45,6.90,0.00,0.80,0.00,0.00,2021
TIMER_2021_06_06 at 04_50_40 IMG_0198.JPG,0.00,0.68,0.00,0.00,0.00,1.37,0.34,20.55,0.00,0.00,0.00,0.00,2.74,31.85,5.82,0.00,1.37,0.00,0.00,2021
TIMER_2021_06_06 at 04_52_44 IMG_0207.JPG,0.00,1.32,0.00,0.00,0.00,0.00,0.00,32.58,0.88,0.00,0.00,0.00,2.64,55.04,8.81,0.00,1.76,0.00,0.00,2021
TIMER_2021_06_06 at 04_54_50 IMG_0213.JPG,0.00,1.50,0.00,0.00,0.00,0.00,0.00,35.77,0.00,0.00,0.00,0.00,1.50,42.68,7.21,0.00,1.20,0.00,0.00,2021
TIMER_2021_06_06 at 04_55_10 IMG_0214.JPG,0.00,1.90,0.00,0.00,0.00,0.00,0.00,30.95,0.00,0.00,0.00,0.00,0.27,52.95,5.43,0.00,0.54,0.00,0.00,2021
TIMER_2021_06_06 at 04_59_01 IMG_0227.JPG,0.27,3.28,0.00,0.00,0.00,0.27,0.27,36.64,0.27,0.00,0.00,0.00,1.64,46.20,3.01,0.00,0.27,0.00,0.00,2021
TIMER_2021_06_06 at 05_01_28 IMG_0235.JPG,0.00,2.14,0.00,0.00,0.00,0.36,0.00,30.66,0.00,0.00,0.00,0.00,1.07,52.76,8.56,0.00,1.43,0.00,0.00,2021
TIMER_2021_06_06 at 05_01_49 IMG_0236.JPG,0.00,1.42,0.00,0.00,0.00,0.00,0.00,35.09,0.00,0.00,0.00,0.00,0.47,38.41,13.75,0.00,0.00,0.00,0.00,2021
TIMER_2021_06_06 at 05_04_17 IMG_0248.JPG,0.00,0.79,0.00,0.00,0.00,2.37,0.00,32.34,0.00,0.00,0.00,0.00,3.16,32.34,9.47,0.00,0.79,0.00,0.00,2021
TIMER_2021_06_06 at 05_05_00 IMG_0251.JPG,0.00,1.23,0.00,0.00,0.00,0.00,0.00,37.02,0.00,0.00,0.00,0.00,2.06,34.55,11.11,0.00,1.23,0.00,0.00,2021
TIMER_2021_06_06 at 05_05_42 IMG_0254.JPG,0.59,3.57,0.59,0.00,0.00,0.00,0.00,38.64,0.00,0.00,0.00,0.00,1.19,45.18,9.51,0.00,1.19,0.59,0.00,2021
TIMER_2021_06_06 at 05_06_44 IMG_0257.JPG,0.00,2.46,0.00,0.00,0.00,0.00,0.00,44.07,0.00,0.00,0.00,0.00,0.55,33.94,5.47,0.00,0.82,0.27,0.00,2021
TIMER_2021_06_06 at 05_09_10 IMG_0264.JPG,0.00,1.73,0.00,0.00,0.29,0.00,0.00,30.51,0.00,0.00,0.00,0.00,0.86,31.08,10.65,0.00,0.86,0.58,0.00,2021
TIMER_2021_06_06 at 05_10_14 IMG_0271.JPG,0.00,1.63,0.00,0.00,0.00,0.00,0.00,37.17,0.00,0.33,0.00,0.00,0.33,28.70,5.22,0.00,0.00,0.00,0.00,2021
TIMER_2021_06_06 at 05_10_33 IMG_0273.JPG,0.00,3.86,0.00,0.00,0.00,1.29,0.00,39.86,0.00,0.00,0.00,0.00,2.14,44.58,12.00,0.00,0.86,0.00,0.00,2021
TIMER_2021_06_06 at 05_11_37 IMG_0279.JPG,0.00,1.86,0.00,0.00,0.00,0.74,0.00,43.18,0.00,0.00,0.00,0.00,4.09,48.76,10.42,0.00,0.00,0.00,0.00,2021
TIMER_2021_06_06 at 05_11_58 IMG_0280.JPG,0.00,2.37,0.00,0.00,0.00,0.00,0.00,39.91,0.00,0.00,0.00,0.00,2.37,36.35,12.64,0.00,0.40,0.00,0.00,2021
TIMER_2021_06_06 at 05_12_18 IMG_0281.JPG,0.00,1.11,0.00,0.00,0.00,0.56,0.00,44.96,0.00,0.00,0.00,0.00,1.11,22.20,8.33,0.00,0.00,0.00,0.00,2021
TIMER_2021_06_06 at 05_13_22 IMG_0286.JPG,0.00,1.60,0.00,0.00,0.40,0.40,0.00,39.26,0.00,0.00,0.00,0.00,1.20,40.86,12.02,0.00,1.20,0.00,0.00,2021
TIMER_2021_06_06 at 05_14_46 IMG_0295.JPG,0.00,1.23,0.00,0.00,0.00,0.00,0.00,42.45,0.00,0.00,0.00,0.00,1.54,43.68,9.84,0.00,0.00,0.00,0.00,2021
TIMER_2021_06_06 at 05_15_50 IMG_0299.JPG,0.00,2.26,0.00,0.00,0.00,0.00,0.00,40.05,0.00,0.00,0.28,0.00,0.56,37.51,8.46,0.00,0.85,0.00,0.00,2021
TIMER_2021_06_06 at 05_16_32 IMG_0301.JPG,0.00,1.30,0.00,0.00,0.33,1.30,0.33,39.47,0.33,0.00,0.00,0.00,1.30,56.11,10.11,0.00,0.98,0.00,0.00,2021
TIMER_2021_06_06 at 05_17_56 IMG_0305.JPG,0.00,1.92,0.00,0.00,0.00,0.27,0.00,41.93,1.37,0.00,0.00,0.00,0.27,24.39,7.13,0.00,0.00,0.00,0.00,2021
TIMER_2021_06_06 at 05_18_17 IMG_0306.JPG,0.00,2.66,0.00,0.00,0.00,0.00,0.00,42.33,0.30,0.00,0.00,0.00,1.78,28.12,9.18,0.00,1.18,0.00,0.00,2021
TIMER_2021_06_06 at 05_22_29 IMG_0325.JPG,0.37,1.12,0.00,0.00,0.00,0.75,0.00,40.64,0.00,0.00,0.00,0.00,1.12,21.25,7.46,0.00,0.00,0.00,0.00,2021
TIMER_2021_06_06 at 05_23_31 IMG_0328.JPG,0.00,1.29,0.00,0.00,0.00,0.26,0.00,43.04,0.26,0.00,0.26,0.00,0.52,35.31,7.22,0.00,0.26,0.00,0.00,2021
TIMER_2021_06_06 at 05_24_13 IMG_0330.JPG,0.00,4.10,0.00,0.00,0.00,0.32,0.00,50.78,0.00,0.00,0.00,0.00,0.95,26.81,10.72,0.00,0.32,0.00,0.00,2021
TIMER_2021_06_06 at 05_26_38 IMG_0340.JPG,0.30,1.18,0.00,0.00,0.00,0.00,0.00,41.07,0.00,0.00,0.00,0.00,1.18,50.53,6.21,0.00,0.89,0.00,0.00,2021
TIMER_2021_06_06 at 05_27_00 IMG_0342.JPG,0.00,5.23,0.00,0.00,0.00,0.65,0.00,41.22,0.00,0.00,0.00,0.00,0.33,35.99,11.78,0.00,0.65,0.00,0.00,2021
TIMER_2021_06_06 at 05_28_23 IMG_0346.JPG,0.00,1.91,0.00,0.00,0.00,0.32,0.00,49.36,0.00,0.00,0.00,0.00,2.87,25.48,10.83,0.00,0.64,0.00,0.00,2021
TIMER_2021_06_06 at 05_28_44 IMG_0347.JPG,0.00,2.18,0.00,0.00,0.00,0.36,0.00,47.55,0.00,0.00,0.00,0.00,0.73,23.59,8.35,0.00,0.00,0.00,0.00,2021
TIMER_2021_06_06 at 05_29_05 IMG_0348.JPG,0.00,1.41,0.00,0.00,0.00,0.57,0.00,39.56,0.00,0.00,0.00,0.00,0.57,26.56,5.93,0.00,0.57,0.00,0.00,2021
TIMER_2021_06_06 at 05_29_48 IMG_0351.JPG,0.00,1.83,0.00,0.26,0.00,0.26,0.26,37.59,0.00,0.00,0.00,0.00,1.04,21.66,4.70,0.00,0.78,0.00,0.00,2021
TIMER_2021_06_06 at 05_30_50 IMG_0354.JPG,0.00,0.96,0.32,0.00,0.00,0.64,0.00,44.82,0.32,0.00,0.00,0.00,0.32,20.49,8.00,0.00,0.64,0.00,0.00,2021
TIMER_2021_06_06 at 05_32_15 IMG_0360.JPG,0.00,1.66,0.00,0.00,0.00,0.83,0.00,45.53,0.00,0.00,0.00,0.00,0.83,27.73,6.62,0.00,0.41,0.00,0.00,2021
TIMER_2021_06_06 at 05_32_36 IMG_0361.JPG,0.00,2.50,0.31,0.00,0.00,0.63,0.00,44.73,0.00,0.00,0.00,0.00,0.31,25.34,4.38,0.00,0.00,0.00,0.00,2021
TIMER_2021_06_06 at 05_32_57 IMG_0362.JPG,0.00,2.51,0.00,0.00,0.00,0.42,0.00,43.98,0.42,0.00,0.00,0.42,0.84,7.12,9.63,0.00,0.00,0.00,0.00,2021
TIMER_2021_06_06 at 05_34_00 IMG_0365.JPG,0.00,1.90,0.00,0.00,0.00,0.32,0.00,42.19,0.00,0.00,0.00,0.00,0.95,15.54,6.98,0.00,0.95,0.00,0.00,2021
TIMER_2021_06_06 at 05_42_04 IMG_0392.JPG,0.38,1.51,0.00,0.00,0.00,0.38,0.00,44.42,0.00,0.00,0.00,0.00,2.64,31.62,7.91,0.00,0.00,0.00,0.00,2021
TIMER_2021_06_06 at 05_45_13 IMG_0403.JPG,0.00,0.31,0.31,0.00,0.00,0.00,0.00,39.00,0.00,0.00,0.00,0.00,0.94,29.88,5.66,0.00,0.31,0.00,0.00,2021
TIMER_2021_06_06 at 05_45_53 IMG_0406.JPG,0.00,0.80,0.00,0.00,0.00,0.27,0.00,43.47,0.00,0.00,0.00,0.00,1.33,15.64,5.30,0.00,0.53,0.00,0.00,2021
TIMER_2021_06_06 at 05_46_13 IMG_0408.JPG,0.00,2.81,0.00,0.00,0.00,0.63,0.00,43.13,0.00,0.00,0.00,0.00,0.94,22.81,6.56,0.00,0.00,0.00,0.00,2021
TIMER_2021_06_06 at 05_54_35 IMG_0436.JPG,0.00,0.33,0.00,0.00,0.00,0.67,0.00,47.15,0.67,0.00,0.00,0.00,0.33,30.76,7.69,0.00,0.00,0.00,0.00,2021
TIMER_2021_06_06 at 05_56_39 IMG_0445.JPG,0.00,1.08,0.00,0.00,0.00,0.65,0.00,42.66,0.00,0.00,0.00,0.43,0.22,17.88,5.60,0.00,0.00,0.00,0.00,2021
TIMER_2021_06_06 at 06_04_01 IMG_0468.JPG,0.00,2.11,0.00,0.00,0.00,0.53,0.00,51.87,0.26,0.00,0.00,0.00,1.32,18.96,3.42,0.00,0.26,0.00,0.00,2021
TIMER_2021_06_06 at 06_07_29 IMG_0481.JPG,0.00,2.44,0.00,0.00,0.00,0.54,0.00,49.89,0.54,0.00,0.00,0.00,1.36,23.32,4.61,0.00,0.27,0.00,0.00,2021
TIMER_2021_06_06 at 06_11_38 IMG_0494.JPG,0.00,2.10,0.00,0.00,0.00,1.50,0.00,49.50,0.00,0.00,0.00,0.00,0.90,24.90,9.60,0.00,0.00,0.00,0.00,2021
TIMER_2021_06_06 at 06_11_58 IMG_0495.JPG,0.00,2.57,0.00,0.00,0.00,1.14,0.00,48.29,0.00,0.00,0.00,0.00,0.29,24.86,8.57,0.00,0.00,0.00,0.00,2021
TIMER_2021_06_06 at 06_12_19 IMG_0496.JPG,0.00,1.62,0.00,0.00,0.00,0.65,0.00,51.50,0.00,0.00,0.00,0.00,0.97,23.00,7.77,0.00,0.65,0.00,0.00,2021
TIMER_2021_06_06 at 06_12_39 IMG_0497.JPG,0.00,1.78,0.00,0.00,0.00,0.30,0.30,47.29,0.30,0.00,0.00,0.00,0.59,22.31,8.03,0.00,0.00,0.00,0.00,2021
TIMER_2021_06_06 at 06_13_00 IMG_0498.JPG,0.00,2.46,0.00,0.00,0.00,0.61,0.00,52.24,0.00,0.00,0.00,0.00,0.92,19.05,6.15,0.00,0.00,0.00,0.00,2021
TIMER_2021_06_06 at 06_17_36 IMG_0519.JPG,0.00,3.42,0.28,0.00,0.00,0.00,0.00,51.57,0.28,0.00,0.00,0.00,0.57,27.35,10.26,0.00,0.28,0.00,0.00,2021
TIMER_2021_06_06 at 06_17_56 IMG_0520.JPG,0.00,3.76,0.00,0.00,0.00,0.00,0.00,48.94,0.00,0.00,0.00,0.00,1.61,36.03,7.80,0.00,0.00,0.00,0.00,2021
TIMER_2021_06_06 at 06_20_44 IMG_0529.JPG,0.00,2.31,0.00,0.00,0.00,0.58,0.00,45.98,0.00,0.00,0.29,0.00,0.00,26.60,5.20,0.00,0.58,0.00,0.00,2021
TIMER_2021_06_06 at 06_21_47 IMG_0532.JPG,0.00,2.76,0.00,0.00,0.00,0.83,0.00,48.63,0.00,0.00,0.00,0.00,0.55,22.93,5.25,0.00,0.28,0.00,0.00,2021
TIMER_2021_06_06 at 06_24_13 IMG_0541.JPG,0.00,2.86,0.00,0.29,0.00,1.43,0.00,42.26,0.00,0.00,0.00,0.00,1.43,42.26,9.99,0.00,0.29,0.00,0.00,2021
TIMER_2021_06_06 at 06_24_35 IMG_0543.JPG,0.00,2.71,0.00,0.00,0.00,2.32,0.00,38.29,0.00,0.39,0.00,0.00,1.93,45.26,11.22,0.00,0.00,0.00,0.00,2021
TIMER_2021_06_06 at 06_24_56 IMG_0544.JPG,0.00,3.08,0.00,0.00,0.00,0.84,0.00,38.12,0.00,0.00,0.00,0.00,0.56,35.59,9.53,0.00,0.84,0.00,0.00,2021
TIMER_2021_06_06 at 06_25_17 IMG_0545.JPG,0.00,3.29,0.00,0.00,0.00,0.60,0.00,47.81,0.00,0.00,0.00,0.00,0.90,21.51,7.77,0.00,0.00,0.00,0.00,2021
TIMER_2021_06_06 at 06_25_38 IMG_0548.JPG,0.00,2.58,0.00,0.00,0.00,0.32,0.00,39.35,0.00,0.00,0.00,0.00,0.97,32.25,3.55,0.00,0.65,0.00,0.00,2021
TIMER_2021_06_06 at 06_26_41 IMG_0551.JPG,0.28,3.68,0.00,0.00,0.00,0.57,0.00,33.45,0.00,0.00,0.00,0.00,1.42,27.21,6.24,0.00,0.28,0.00,0.00,2021
TIMER_2021_06_06 at 06_31_35 IMG_0569.JPG,0.00,1.97,0.00,0.00,0.00,1.58,0.00,39.77,0.00,0.00,0.00,0.00,0.79,26.78,10.63,0.00,1.97,0.00,0.00,2021
TIMER_2022_06_15 at 18_19_56 IMG_0041.JPG,0.00,1.21,0.00,0.00,0.00,0.00,0.00,39.39,0.00,0.00,0.00,0.00,2.01,34.57,18.49,0.00,0.00,0.00,0.00,2022
TIMER_2022_06_15 at 18_26_02 IMG_0060.JPG,0.00,1.21,0.30,0.00,0.00,0.91,0.00,41.12,0.00,0.00,0.00,0.00,3.33,16.03,13.30,0.00,0.00,0.00,0.00,2022
TIMER_2022_06_15 at 18_27_04 IMG_0064.JPG,0.00,1.84,0.00,0.00,0.00,0.00,0.00,32.21,0.00,0.00,0.00,0.00,6.90,27.61,11.50,0.00,0.00,0.00,0.00,2022
TIMER_2022_06_15 at 18_29_48 IMG_0072.JPG,0.00,3.31,0.00,0.00,0.00,0.00,0.00,38.78,0.00,0.00,0.00,0.00,5.20,18.92,14.19,0.00,0.00,0.00,0.00,2022
TIMER_2022_06_15 at 18_30_50 IMG_0076.JPG,0.45,1.35,0.00,0.00,0.00,1.35,0.00,50.54,0.00,0.00,0.00,0.00,4.96,23.01,11.73,0.00,0.00,0.00,0.00,2022
TIMER_2022_06_15 at 18_31_50 IMG_0079.JPG,0.00,3.80,0.00,0.00,0.00,0.54,0.00,38.54,0.00,0.00,0.54,0.00,3.26,19.00,13.57,0.00,0.00,0.00,0.00,2022
TIMER_2022_06_15 at 18_32_31 IMG_0081.JPG,0.00,2.83,0.00,0.00,0.00,0.00,0.00,33.92,0.00,0.00,0.00,0.47,4.24,15.08,14.60,0.00,0.00,0.00,0.00,2022
TIMER_2022_06_15 at 18_34_35 IMG_0087.JPG,0.00,1.16,0.00,0.00,0.00,0.58,0.00,35.81,0.00,0.00,0.00,0.58,3.47,19.64,14.44,0.00,0.00,0.00,0.00,2022
TIMER_2022_06_15 at 18_40_02 IMG_0104.JPG,0.00,3.57,0.60,0.00,0.00,0.00,0.00,35.13,0.00,0.00,0.00,0.00,5.36,22.03,10.72,0.00,0.00,0.00,0.00,2022
TIMER_2022_06_15 at 18_40_44 IMG_0106.JPG,0.00,2.69,0.00,0.00,0.00,0.00,0.00,43.49,0.00,0.45,0.00,0.00,2.69,23.31,12.55,0.00,0.00,0.00,0.00,2022
TIMER_2022_06_15 at 18_42_07 IMG_0110.JPG,0.00,2.73,0.00,0.00,0.00,0.78,0.00,41.78,0.00,0.00,0.00,0.00,3.51,31.63,10.15,0.00,0.00,0.00,0.00,2022
TIMER_2022_06_15 at 18_44_32 IMG_0119.JPG,0.00,5.38,0.00,0.00,0.00,0.00,0.00,44.82,0.00,0.45,0.00,0.00,3.14,27.34,13.00,0.00,0.00,0.00,0.00,2022
TIMER_2022_06_15 at 18_46_36 IMG_0126.JPG,0.00,2.51,0.00,0.00,0.00,0.00,0.00,48.90,0.00,0.00,0.00,0.63,4.39,25.08,18.18,0.00,0.00,0.00,0.00,2022
TIMER_2022_06_15 at 18_46_56 IMG_0127.JPG,0.00,1.56,0.00,0.00,0.00,0.00,0.00,39.41,0.00,0.52,0.00,0.00,4.67,28.00,23.85,0.00,0.00,0.00,0.00,2022
TIMER_2022_06_15 at 18_47_36 IMG_0130.JPG,0.00,3.11,0.00,0.00,0.00,0.00,0.00,34.70,0.00,0.00,0.00,0.00,2.22,14.24,15.57,0.00,0.00,0.00,0.00,2022
TIMER_2022_06_15 at 18_47_57 IMG_0132.JPG,0.00,2.14,0.00,0.00,0.00,0.00,0.00,45.46,0.00,0.00,0.00,0.00,1.72,31.74,14.15,0.00,0.00,0.00,0.00,2022
TIMER_2022_06_15 at 18_50_22 IMG_0139.JPG,0.00,0.00,0.55,0.00,0.00,0.00,0.00,45.35,0.00,0.00,0.00,0.00,3.32,24.89,9.95,0.00,0.00,0.00,0.00,2022
TIMER_2022_06_15 at 18_51_02 IMG_0141.JPG,0.00,1.36,0.00,0.00,0.00,0.34,0.00,47.60,0.00,0.00,0.00,0.00,1.02,23.80,11.22,0.00,0.00,0.00,0.00,2022
TIMER_2022_06_15 at 18_58_12 IMG_0163.JPG,0.00,2.91,0.00,0.00,0.00,0.00,0.00,39.30,0.00,0.00,0.00,0.00,3.40,31.54,16.50,0.00,0.00,0.00,0.00,2022
TIMER_2022_06_15 at 19_00_59 IMG_0172.JPG,0.00,3.20,0.00,0.00,0.00,0.00,0.00,48.43,0.00,0.00,0.00,0.00,4.11,23.30,12.33,0.00,0.00,0.00,0.00,2022
TIMER_2022_06_15 at 19_02_43 IMG_0177.JPG,0.00,3.32,0.00,0.00,0.00,0.55,0.00,6.08,0.00,0.00,0.00,0.00,9.39,32.60,19.34,0.00,0.00,0.00,0.00,2022
TIMER_2022_06_15 at 19_03_03 IMG_0178.JPG,0.00,2.95,0.00,0.00,0.00,0.00,0.00,14.33,0.00,0.00,0.00,0.00,2.11,21.07,9.27,0.00,0.00,0.00,0.00,2022
TIMER_2022_06_15 at 19_03_23 IMG_0179.JPG,0.00,0.00,0.00,0.00,0.00,0.00,0.00,35.98,0.00,0.40,0.00,0.00,1.98,17.79,9.88,0.00,0.00,0.00,0.00,2022
TIMER_2022_06_15 at 19_05_05 IMG_0184.JPG,0.00,3.21,0.40,0.00,0.00,0.40,0.00,38.88,0.00,0.00,0.00,0.00,0.80,14.43,9.22,0.00,0.00,0.00,0.00,2022
TIMER_2022_06_15 at 19_07_29 IMG_0191.JPG,0.00,1.44,0.00,0.00,0.00,0.00,0.00,46.45,0.00,0.00,0.00,0.00,2.39,16.28,9.10,0.00,0.96,0.00,0.00,2022
TIMER_2022_06_15 at 19_08_10 IMG_0193.JPG,0.00,0.87,0.00,0.00,0.00,0.00,0.00,48.02,0.00,0.44,0.00,0.00,1.31,22.70,8.73,0.00,0.00,0.00,0.00,2022
TIMER_2022_06_15 at 19_10_14 IMG_0200.JPG,0.00,1.13,0.00,0.00,0.00,0.38,0.00,51.48,0.00,0.00,0.00,0.00,4.51,23.30,11.65,0.00,0.00,0.00,0.00,2022
TIMER_2022_06_15 at 19_10_55 IMG_0202.JPG,0.46,2.75,0.00,0.00,0.00,0.46,0.00,43.47,0.00,0.00,0.00,0.00,1.83,20.13,18.30,0.00,0.00,0.00,0.00,2022
TIMER_2022_06_15 at 19_14_01 IMG_0211.JPG,0.47,0.94,0.00,0.00,0.00,0.00,0.47,47.02,0.00,0.00,0.00,0.00,2.35,11.76,8.93,0.00,0.00,0.00,0.00,2022
TIMER_2022_06_15 at 19_14_42 IMG_0213.JPG,0.00,2.55,0.00,0.00,0.00,0.00,0.00,45.49,0.36,0.00,0.00,0.00,1.09,17.47,10.55,0.00,0.00,0.00,0.00,2022
TIMER_2022_06_15 at 19_15_44 IMG_0216.JPG,0.00,5.10,0.00,0.00,0.00,0.00,0.00,48.96,0.51,0.00,0.00,0.00,4.59,15.81,9.69,0.00,0.00,0.00,0.00,2022
TIMER_2022_06_15 at 19_16_45 IMG_0219.JPG,0.00,2.23,0.00,0.00,0.00,0.37,0.00,45.72,0.00,0.00,0.00,0.00,1.86,11.15,6.69,0.00,0.00,0.00,0.00,2022
TIMER_2022_06_15 at 19_17_05 IMG_0220.JPG,0.00,1.77,0.00,0.00,0.00,0.00,0.00,55.31,0.00,0.00,0.00,0.00,2.21,16.82,9.29,0.00,0.00,0.00,0.00,2022
TIMER_2022_06_15 at 19_18_28 IMG_0224.JPG,0.00,2.11,0.00,0.00,0.00,0.00,0.00,34.21,0.00,0.00,0.00,0.00,2.11,16.05,10.14,0.00,0.00,0.00,0.00,2022
TIMER_2022_06_15 at 19_19_10 IMG_0226.JPG,0.00,1.38,0.00,0.00,0.00,0.00,0.00,56.25,0.00,0.00,0.00,0.00,4.49,21.05,6.56,0.00,0.00,0.00,0.00,2022
TIMER_2022_06_15 at 19_19_31 IMG_0227.JPG,0.00,2.77,0.00,0.00,0.00,0.35,0.00,47.06,0.00,0.00,0.00,0.00,0.35,22.49,7.96,0.00,0.00,0.00,0.00,2022
TIMER_2022_06_15 at 19_19_52 IMG_0228.JPG,0.43,1.28,0.00,0.00,0.00,0.43,0.00,44.08,0.00,0.00,0.00,0.00,1.71,20.11,12.84,0.00,0.00,0.00,0.00,2022
TIMER_2022_06_15 at 19_32_10 IMG_0265.JPG,0.00,1.06,0.00,0.00,0.00,0.00,0.00,36.01,0.00,0.00,0.00,0.00,1.32,9.53,4.50,0.00,0.00,0.00,0.00,2022
TIMER_2022_06_15 at 19_35_37 IMG_0275.JPG,0.27,1.65,0.00,0.00,0.00,0.00,0.27,43.34,0.00,0.00,0.00,0.00,1.65,12.34,5.76,0.00,0.00,0.00,0.00,2022
TIMER_2022_06_15 at 19_39_02 IMG_0285.JPG,0.00,0.72,0.00,0.00,0.00,0.00,0.00,42.19,0.00,0.00,0.00,0.00,1.79,18.95,7.87,0.00,0.00,0.00,0.00,2022
TIMER_2022_06_15 at 19_39_43 IMG_0287.JPG,0.00,0.00,0.00,0.00,0.00,0.00,0.00,45.08,0.32,0.00,0.00,0.00,1.30,17.51,4.54,0.00,0.00,0.00,0.00,2022
TIMER_2022_06_15 at 19_40_44 IMG_0290.JPG,0.00,1.78,0.00,0.00,0.00,0.00,0.00,50.35,0.00,0.00,0.00,0.00,1.78,9.36,7.13,0.00,0.00,0.00,0.00,2022
TIMER_2022_06_15 at 19_42_25 IMG_0295.JPG,0.00,1.24,0.00,0.00,0.00,0.83,0.00,48.92,0.83,0.00,0.00,0.00,2.07,16.58,9.12,0.00,0.00,0.00,0.00,2022
TIMER_2022_06_15 at 19_42_46 IMG_0296.JPG,0.00,0.99,0.00,0.49,0.00,0.00,0.00,49.82,0.00,0.00,0.00,0.00,1.48,17.26,5.43,0.00,0.00,0.00,0.00,2022
TIMER_2022_06_15 at 19_45_30 IMG_0304.JPG,0.32,0.97,0.00,0.00,0.00,0.32,0.00,39.47,0.32,0.00,0.00,0.00,1.94,12.62,3.24,0.00,0.32,0.00,0.00,2022
TIMER_2022_06_15 at 19_46_11 IMG_0306.JPG,0.00,1.53,0.00,0.00,0.00,0.00,0.00,43.56,0.00,0.00,0.00,0.00,1.53,21.01,8.79,0.00,0.00,0.00,0.00,2022
TIMER_2022_06_15 at 19_46_32 IMG_0307.JPG,0.00,0.64,0.00,0.00,0.00,0.32,0.00,39.42,0.00,0.00,0.00,0.00,1.59,18.76,2.54,0.00,0.00,0.00,0.00,2022
TIMER_2022_06_15 at 19_48_59 IMG_0314.JPG,0.00,2.22,0.00,0.00,0.00,0.44,0.00,50.21,0.00,0.00,0.00,0.00,3.55,16.44,8.00,0.00,0.00,0.00,0.00,2022
TIMER_2022_06_15 at 19_54_48 IMG_0332.JPG,0.32,1.29,0.00,0.00,0.00,0.00,0.00,39.02,0.00,0.00,0.32,0.00,0.97,19.35,5.16,0.00,0.00,0.00,0.00,2022
TIMER_2022_06_15 at 19_59_36 IMG_0348.JPG,0.00,1.14,0.00,0.00,0.00,0.00,0.00,31.91,0.00,0.00,0.00,0.00,0.68,15.27,2.74,0.00,0.00,0.00,0.00,2022
TIMER_2022_06_15 at 19_59_56 IMG_0349.JPG,0.00,0.56,0.00,0.00,0.00,0.00,0.00,20.92,0.00,0.00,0.00,0.00,3.07,17.02,9.48,0.00,0.00,0.00,0.00,2022
TIMER_2022_06_15 at 20_00_38 IMG_0352.JPG,0.00,0.28,0.00,0.28,0.00,0.00,0.00,26.44,0.00,0.00,0.00,0.00,1.41,29.26,5.63,0.00,0.00,0.00,0.00,2022
TIMER_2022_06_15 at 20_01_41 IMG_0355.JPG,0.28,1.38,0.00,0.00,0.00,0.00,0.00,43.11,0.00,0.00,0.00,0.00,1.93,9.40,4.97,0.00,0.55,0.00,0.00,2022
TIMER_2022_06_15 at 20_02_02 IMG_0356.JPG,0.00,2.97,0.30,0.00,0.00,0.00,0.00,41.05,0.59,0.00,0.00,0.00,0.59,22.91,5.35,0.00,0.00,0.00,0.00,2022
TIMER_2022_06_15 at 20_02_23 IMG_0357.JPG,0.00,1.25,0.00,0.00,0.00,0.00,0.00,30.99,0.31,0.31,0.00,0.00,1.56,17.21,4.38,0.00,0.00,0.00,0.00,2022
TIMER_2022_06_15 at 20_02_43 IMG_0358.JPG,0.00,1.18,0.00,0.00,0.00,0.00,0.00,34.09,0.00,0.00,0.00,0.00,0.88,27.33,6.76,0.00,0.00,0.00,0.00,2022
TIMER_2022_06_15 at 20_03_03 IMG_0359.JPG,0.00,1.09,0.00,0.00,0.00,0.27,0.00,37.24,0.00,0.00,0.00,0.00,1.36,26.09,4.89,0.00,0.00,0.00,0.00,2022
TIMER_2022_06_15 at 20_05_05 IMG_0365.JPG,0.00,2.29,0.25,0.00,0.25,0.25,0.00,34.08,0.00,0.00,0.00,0.00,0.51,21.62,7.89,0.00,0.00,0.00,0.00,2022
TIMER_2022_06_15 at 20_06_47 IMG_0370.JPG,0.32,2.58,0.00,0.00,0.00,0.00,0.00,33.27,0.00,0.00,0.00,0.00,1.94,10.34,5.49,0.00,0.00,0.00,0.00,2022
TIMER_2022_06_15 at 20_12_18 IMG_0387.JPG,0.00,1.38,0.00,0.00,0.00,0.55,0.00,33.86,0.28,0.00,0.00,0.00,1.38,25.33,4.96,0.00,0.00,0.00,0.00,2022
TIMER_2022_06_15 at 20_13_41 IMG_0391.JPG,0.00,0.33,0.00,0.33,0.00,0.33,0.00,27.84,0.33,0.00,0.00,0.00,1.64,13.76,7.86,0.00,0.33,0.00,0.00,2022
TIMER_2022_06_15 at 20_14_02 IMG_0392.JPG,0.00,3.25,0.00,0.00,0.00,0.00,0.00,32.88,0.00,0.00,0.00,0.00,1.81,29.62,8.31,0.00,0.00,0.00,0.00,2022
TIMER_2022_06_15 at 20_15_02 IMG_0395.JPG,0.00,0.82,0.00,0.00,0.00,0.41,0.00,33.08,0.00,0.00,0.41,0.41,2.45,19.19,8.17,0.00,0.00,0.00,0.00,2022
TIMER_2022_06_15 at 20_16_05 IMG_0398.JPG,0.00,1.07,0.00,0.00,0.00,0.00,0.00,29.37,0.00,0.00,0.00,0.27,2.40,36.31,3.20,0.00,0.00,0.00,0.00,2022
TIMER_2022_06_15 at 20_24_38 IMG_0424.JPG,0.00,1.35,0.00,0.00,0.00,0.00,0.00,33.28,0.00,0.00,0.00,0.00,3.15,30.58,6.30,0.00,0.00,0.00,0.00,2022
TIMER_2022_06_15 at 20_24_58 IMG_0425.JPG,0.00,2.87,0.00,0.00,0.00,0.00,0.00,34.45,0.00,0.00,0.00,0.00,2.87,18.66,2.51,0.00,0.00,0.00,0.00,2022
TIMER_2022_06_15 at 20_25_40 IMG_0427.JPG,0.00,0.85,0.00,0.00,0.00,0.00,0.00,37.11,0.00,0.00,0.00,0.00,1.71,29.86,10.66,0.00,0.00,0.00,0.00,2022
TIMER_2022_06_15 at 20_27_01 IMG_0431.JPG,0.00,2.51,0.00,0.00,0.00,0.00,0.00,40.84,0.00,0.00,0.00,0.00,2.15,20.42,8.24,0.00,0.36,0.00,0.00,2022
TIMER_2022_06_15 at 20_28_45 IMG_0436.JPG,0.40,1.19,0.00,0.00,0.00,0.00,0.00,37.94,0.00,0.00,0.00,0.00,1.19,34.39,12.65,0.00,0.00,0.00,0.00,2022
TIMER_2022_06_15 at 20_32_51 IMG_0448.JPG,0.00,2.66,0.00,0.00,0.00,0.00,0.00,34.63,0.00,0.00,0.00,0.00,2.66,17.89,6.09,0.00,0.00,0.00,0.00,2022
TIMER_2022_06_15 at 20_33_12 IMG_0449.JPG,0.00,1.49,0.00,0.00,0.00,0.00,0.00,29.71,0.00,0.00,0.00,0.00,0.59,29.41,8.91,0.00,0.00,0.00,0.00,2022
TIMER_2022_06_15 at 20_34_12 IMG_0452.JPG,0.00,2.01,0.00,0.00,0.00,0.00,0.00,33.40,0.00,0.00,0.00,0.00,3.22,29.38,8.85,0.00,0.00,0.00,0.00,2022
TIMER_2022_06_15 at 20_34_32 IMG_0453.JPG,0.00,2.75,0.00,0.00,0.00,0.00,0.00,26.54,0.00,0.00,0.00,0.00,4.88,28.98,7.63,0.00,0.00,0.00,0.00,2022
TIMER_2022_06_15 at 20_35_13 IMG_0455.JPG,0.00,2.89,0.00,0.00,0.00,0.00,0.00,30.39,0.00,0.00,0.00,0.00,2.61,25.18,5.21,0.00,0.58,0.00,0.00,2022
TIMER_2022_06_15 at 20_38_16 IMG_0464.JPG,0.33,1.99,0.33,0.00,0.00,0.00,0.00,32.48,0.33,0.00,0.00,0.00,0.99,25.85,9.94,0.00,0.33,0.00,0.00,2022
TIMER_2022_06_15 at 20_38_56 IMG_0467.JPG,0.40,0.81,0.00,0.00,0.00,0.00,0.00,33.60,0.00,0.00,0.00,0.00,3.64,23.08,8.91,0.00,0.00,0.00,0.00,2022
TIMER_2022_06_15 at 20_40_39 IMG_0472.JPG,0.00,1.85,0.00,0.00,0.00,0.00,0.00,32.63,0.00,0.00,0.00,0.00,7.42,31.89,8.16,0.00,0.00,0.00,0.00,2022
TIMER_2022_06_15 at 20_43_05 IMG_0480.JPG,0.00,2.84,0.00,0.00,0.00,0.00,0.00,28.81,0.41,0.00,0.00,0.00,3.65,35.30,8.52,0.00,0.00,0.00,0.00,2022
TIMER_2022_06_15 at 20_43_26 IMG_0481.JPG,0.56,4.51,0.00,0.00,0.00,0.00,0.00,29.32,0.00,0.00,0.00,0.00,6.77,34.39,8.46,0.00,0.00,0.00,0.00,2022
TIMER_2022_06_15 at 20_45_08 IMG_0486.JPG,0.44,1.74,0.00,0.00,0.00,0.00,0.00,26.97,0.00,0.00,0.00,0.00,4.35,26.10,6.96,0.00,0.00,0.00,0.00,2022
TIMER_2022_06_15 at 20_50_16 IMG_0501.JPG,0.00,2.45,0.00,0.00,0.00,0.00,0.00,23.49,0.00,0.00,0.00,0.00,1.96,29.36,10.76,0.00,0.00,0.00,0.00,2022
TIMER_2022_06_15 at 20_52_40 IMG_0508.JPG,0.00,2.24,0.00,0.00,0.00,0.00,0.00,16.59,0.00,0.00,0.00,0.00,0.45,31.39,7.17,0.00,0.00,0.00,0.00,2022
TIMER_2022_06_15 at 20_58_51 IMG_0526.JPG,0.00,1.01,0.00,0.50,0.00,0.00,0.00,26.20,0.00,0.00,0.00,0.00,2.02,33.76,8.06,0.00,0.00,0.00,0.00,2022
TIMER_2022_06_15 at 20_59_32 IMG_0528.JPG,0.00,3.01,0.00,0.00,0.00,0.00,0.00,16.83,0.00,0.00,0.00,0.00,3.01,47.48,7.21,0.00,0.00,0.00,0.00,2022
TIMER_2022_06_15 at 20_59_53 IMG_0529.JPG,0.44,2.20,0.00,0.00,0.00,0.44,0.00,26.88,0.00,0.00,0.00,0.00,6.17,30.84,6.61,0.00,0.44,0.00,0.00,2022
TIMER_2022_06_15 at 21_03_18 IMG_0540.JPG,0.00,2.47,0.00,0.00,0.00,0.00,0.00,23.26,0.00,0.00,0.00,0.00,0.99,27.22,6.93,0.00,0.00,0.00,0.00,2022
TIMER_2022_06_15 at 21_03_38 IMG_0541.JPG,0.00,3.67,0.00,0.00,0.00,0.00,0.00,19.38,0.00,0.00,0.00,0.00,6.29,44.53,9.95,0.00,0.00,0.00,0.00,2022
TIMER_2022_06_15 at 21_04_19 IMG_0543.JPG,0.49,2.94,0.00,0.00,0.00,0.00,0.00,17.64,0.00,0.00,0.00,0.00,5.39,36.27,7.84,0.00,0.00,0.00,0.00,2022
TIMER_2022_06_15 at 21_04_39 IMG_0544.JPG,0.00,0.53,0.00,0.00,0.00,0.00,0.00,16.36,0.00,0.00,0.00,0.00,3.17,37.47,7.39,0.00,0.00,0.00,0.00,2022
TIMER_2022_06_15 at 21_07_04 IMG_0551.JPG,0.00,1.08,0.00,0.00,0.00,0.00,0.00,20.97,0.00,0.00,0.54,0.00,6.45,32.80,6.45,0.00,0.00,0.00,0.00,2022
